# ECP5U caBGA256 Pin Migration,,,,,,,,,,,,,,,,,,,,,,
# Revision 2.0.  Added LFE5U-45,,,,,,,,,,,,,,,,,,,,,,
"# Revised Mar. 19, 2018",,,,,,,,,,,,,,,,,,,,,,
,,,,,,,,,,,,,,,,,,,,,,
LFE5U-12,,,,,,,,LFE5U-25,,,,,,,,LFE5U-45,,,,,,
Pin Number,Pin/Ball Function,Bank,Dual Function,Differential,True LVDS,DQS,,Pin Number,Pin/Ball Function,Bank,Dual Function,Differential,True LVDS,DQS,,Pin Number,Pin/Ball Function,Bank,Dual Function,Differential,High Speed,DQS
A1,GND,-,-,-,-,-,,A1,GND,-,-,-,-,-,,A1,GND,-,-,-,-,-
A10,PT42B,1,-,Comp_OF_PT42A,-,-,,A10,PT42B,1,-,Comp_OF_PT42A,-,-,,A10,PT51B,1,-,Comp_OF_PT51A,-,-
A11,PT53A,1,-,True_OF_PT53B,-,-,,A11,PT53A,1,-,True_OF_PT53B,-,-,,A11,PT71A,1,-,True_OF_PT71B,-,-
A12,PT53B,1,-,Comp_OF_PT53A,-,-,,A12,PT53B,1,-,Comp_OF_PT53A,-,-,,A12,PT71B,1,-,Comp_OF_PT71A,-,-
A13,PT65A,1,-,True_OF_PT65B,-,-,,A13,PT65A,1,-,True_OF_PT65B,-,-,,A13,PT83A,1,-,True_OF_PT83B,-,-
A14,PT65B,1,-,Comp_OF_PT65A,-,-,,A14,PT65B,1,-,Comp_OF_PT65A,-,-,,A14,PT83B,1,-,Comp_OF_PT83A,-,-
A15,PT67B,1,-,Comp_OF_PT67A,-,-,,A15,PT67B,1,-,Comp_OF_PT67A,-,-,,A15,PT85B,1,URC_GPLL1C_IN,Comp_OF_PT85A,-,-
A16,GND,-,-,-,-,-,,A16,GND,-,-,-,-,-,,A16,GND,-,-,-,-,-
A2,PT4A,0,-,True_OF_PT4B,-,-,,A2,PT4A,0,-,True_OF_PT4B,-,-,,A2,PT4A,0,ULC_GPLL1T_IN,True_OF_PT4B,-,-
A3,PT6A,0,-,True_OF_PT6B,-,-,,A3,PT6A,0,-,True_OF_PT6B,-,-,,A3,PT6A,0,-,True_OF_PT6B,-,-
A4,PT6B,0,-,Comp_OF_PT6A,-,-,,A4,PT6B,0,-,Comp_OF_PT6A,-,-,,A4,PT6B,0,-,Comp_OF_PT6A,-,-
A5,PT18A,0,-,True_OF_PT18B,-,-,,A5,PT18A,0,-,True_OF_PT18B,-,-,,A5,PT18A,0,-,True_OF_PT18B,-,-
A6,PT18B,0,-,Comp_OF_PT18A,-,-,,A6,PT18B,0,-,Comp_OF_PT18A,-,-,,A6,PT18B,0,-,Comp_OF_PT18A,-,-
A7,PT29A,0,PCLKT0_0,True_OF_PT29B,-,-,,A7,PT29A,0,PCLKT0_0,True_OF_PT29B,-,-,,A7,PT38A,0,PCLKT0_0,True_OF_PT38B,-,-
A8,PT29B,0,PCLKC0_0,Comp_OF_PT29A,-,-,,A8,PT29B,0,PCLKC0_0,Comp_OF_PT29A,-,-,,A8,PT38B,0,PCLKC0_0,Comp_OF_PT38A,-,-
A9,PT42A,1,-,True_OF_PT42B,-,-,,A9,PT42A,1,-,True_OF_PT42B,-,-,,A9,PT51A,1,-,True_OF_PT51B,-,-
B1,PL2A,7,-,True_OF_PL2B,TRUE,LDQ8,,B1,PL2A,7,-,True_OF_PL2B,TRUE,LDQ8,,B1,PL11A,7,ULC_GPLL0T_IN,True_OF_PL11B,TRUE,LDQ17
B10,PT44A,1,-,True_OF_PT44B,-,-,,B10,PT44A,1,-,True_OF_PT44B,-,-,,B10,PT53A,1,-,True_OF_PT53B,-,-
B11,PT49A,1,-,True_OF_PT49B,-,-,,B11,PT49A,1,-,True_OF_PT49B,-,-,,B11,PT58A,1,-,True_OF_PT58B,-,-
B12,PT56A,1,-,True_OF_PT56B,-,-,,B12,PT56A,1,-,True_OF_PT56B,-,-,,B12,PT74A,1,-,True_OF_PT74B,-,-
B13,PT60A,1,-,True_OF_PT60B,-,-,,B13,PT60A,1,-,True_OF_PT60B,-,-,,B13,PT78A,1,-,True_OF_PT78B,-,-
B14,PT67A,1,-,True_OF_PT67B,-,-,,B14,PT67A,1,-,True_OF_PT67B,-,-,,B14,PT85A,1,URC_GPLL1T_IN,True_OF_PT85B,-,-
B15,PR2B,2,S0_IN,Comp_OF_PR2A,TRUE,RDQ8,,B15,PR2B,2,S0_IN,Comp_OF_PR2A,TRUE,RDQ8,,B15,PR11B,2,URC_GPLL0C_IN,Comp_OF_PR11A,TRUE,RDQ17
B16,PR2A,2,-,True_OF_PR2B,TRUE,RDQ8,,B16,PR2A,2,-,True_OF_PR2B,TRUE,RDQ8,,B16,PR11A,2,URC_GPLL0T_IN,True_OF_PR11B,TRUE,RDQ17
B2,PL2B,7,-,Comp_OF_PL2A,TRUE,LDQ8,,B2,PL2B,7,-,Comp_OF_PL2A,TRUE,LDQ8,,B2,PL11B,7,ULC_GPLL0C_IN,Comp_OF_PL11A,TRUE,LDQ17
B3,PT4B,0,-,Comp_OF_PT4A,-,-,,B3,PT4B,0,-,Comp_OF_PT4A,-,-,,B3,PT4B,0,ULC_GPLL1C_IN,Comp_OF_PT4A,-,-
B4,PT11B,0,-,Comp_OF_PT11A,-,-,,B4,PT11B,0,-,Comp_OF_PT11A,-,-,,B4,PT11B,0,-,Comp_OF_PT11A,-,-
B5,PT15B,0,-,Comp_OF_PT15A,-,-,,B5,PT15B,0,-,Comp_OF_PT15A,-,-,,B5,PT15B,0,-,Comp_OF_PT15A,-,-
B6,PT22B,0,-,Comp_OF_PT22A,-,-,,B6,PT22B,0,-,Comp_OF_PT22A,-,-,,B6,PT31B,0,-,Comp_OF_PT31A,-,-
B7,PT27B,0,PCLKC0_1,Comp_OF_PT27A,-,-,,B7,PT27B,0,PCLKC0_1,Comp_OF_PT27A,-,-,,B7,PT36B,0,PCLKC0_1,Comp_OF_PT36A,-,-
B8,PT35B,1,PCLKC1_0,Comp_OF_PT35A,-,-,,B8,PT35B,1,PCLKC1_0,Comp_OF_PT35A,-,-,,B8,PT44B,1,PCLKC1_0,Comp_OF_PT44A,-,-
B9,PT38A,1,GR_PCLK1_0,True_OF_PT38B,-,-,,B9,PT38A,1,GR_PCLK1_0,True_OF_PT38B,-,-,,B9,PT47A,1,GR_PCLK1_0,True_OF_PT47B,-,-
C1,PL5A,7,-,True_OF_PL5B,TRUE,LDQ8,,C1,PL5A,7,-,True_OF_PL5B,TRUE,LDQ8,,C1,PL14A,7,-,True_OF_PL14B,TRUE,LDQ17
C10,PT44B,1,-,Comp_OF_PT44A,-,-,,C10,PT44B,1,-,Comp_OF_PT44A,-,-,,C10,PT53B,1,-,Comp_OF_PT53A,-,-
C11,PT49B,1,-,Comp_OF_PT49A,-,-,,C11,PT49B,1,-,Comp_OF_PT49A,-,-,,C11,PT58B,1,-,Comp_OF_PT58A,-,-
C12,PT56B,1,-,Comp_OF_PT56A,-,-,,C12,PT56B,1,-,Comp_OF_PT56A,-,-,,C12,PT74B,1,-,Comp_OF_PT74A,-,-
C13,PT60B,1,-,Comp_OF_PT60A,-,-,,C13,PT60B,1,-,Comp_OF_PT60A,-,-,,C13,PT78B,1,-,Comp_OF_PT78A,-,-
C14,PR2C,2,-,True_OF_PR2D,-,RDQ8,,C14,PR2C,2,-,True_OF_PR2D,-,RDQ8,,C14,PR11C,2,-,True_OF_PR11D,-,RDQ17
C15,PR5B,2,-,Comp_OF_PR5A,TRUE,RDQ8,,C15,PR5B,2,-,Comp_OF_PR5A,TRUE,RDQ8,,C15,PR14B,2,-,Comp_OF_PR14A,TRUE,RDQ17
C16,PR5A,2,-,True_OF_PR5B,TRUE,RDQ8,,C16,PR5A,2,-,True_OF_PR5B,TRUE,RDQ8,,C16,PR14A,2,-,True_OF_PR14B,TRUE,RDQ17
C2,PL5B,7,-,Comp_OF_PL5A,TRUE,LDQ8,,C2,PL5B,7,-,Comp_OF_PL5A,TRUE,LDQ8,,C2,PL14B,7,-,Comp_OF_PL14A,TRUE,LDQ17
C3,PL2C,7,-,True_OF_PL2D,-,LDQ8,,C3,PL2C,7,-,True_OF_PL2D,-,LDQ8,,C3,PL11C,7,-,True_OF_PL11D,-,LDQ17
C4,PT11A,0,-,True_OF_PT11B,-,-,,C4,PT11A,0,-,True_OF_PT11B,-,-,,C4,PT11A,0,-,True_OF_PT11B,-,-
C5,PT15A,0,-,True_OF_PT15B,-,-,,C5,PT15A,0,-,True_OF_PT15B,-,-,,C5,PT15A,0,-,True_OF_PT15B,-,-
C6,PT22A,0,-,True_OF_PT22B,-,-,,C6,PT22A,0,-,True_OF_PT22B,-,-,,C6,PT31A,0,-,True_OF_PT31B,-,-
C7,PT27A,0,PCLKT0_1,True_OF_PT27B,-,-,,C7,PT27A,0,PCLKT0_1,True_OF_PT27B,-,-,,C7,PT36A,0,PCLKT0_1,True_OF_PT36B,-,-
C8,PT35A,1,PCLKT1_0,True_OF_PT35B,-,-,,C8,PT35A,1,PCLKT1_0,True_OF_PT35B,-,-,,C8,PT44A,1,PCLKT1_0,True_OF_PT44B,-,-
C9,PT38B,1,GR_PCLK1_1,Comp_OF_PT38A,-,-,,C9,PT38B,1,GR_PCLK1_1,Comp_OF_PT38A,-,-,,C9,PT47B,1,GR_PCLK1_1,Comp_OF_PT47A,-,-
D1,PL8A,7,-,True_OF_PL8B,TRUE,LDQS8,,D1,PL8A,7,-,True_OF_PL8B,TRUE,LDQS8,,D1,PL17A,7,-,True_OF_PL17B,TRUE,LDQS17
D10,PT47A,1,-,True_OF_PT47B,-,-,,D10,PT47A,1,-,True_OF_PT47B,-,-,,D10,PT56A,1,-,True_OF_PT56B,-,-
D11,PT51A,1,-,True_OF_PT51B,-,-,,D11,PT51A,1,-,True_OF_PT51B,-,-,,D11,PT69A,1,-,True_OF_PT69B,-,-
D12,PT58A,1,-,True_OF_PT58B,-,-,,D12,PT58A,1,-,True_OF_PT58B,-,-,,D12,PT76A,1,-,True_OF_PT76B,-,-
D13,PT62A,1,-,True_OF_PT62B,-,-,,D13,PT62A,1,-,True_OF_PT62B,-,-,,D13,PT80A,1,-,True_OF_PT80B,-,-
D14,PR2D,2,-,Comp_OF_PR2C,-,RDQ8,,D14,PR2D,2,-,Comp_OF_PR2C,-,RDQ8,,D14,PR11D,2,-,Comp_OF_PR11C,-,RDQ17
D15,GND,-,-,-,-,-,,D15,GND,-,-,-,-,-,,D15,GND,-,-,-,-,-
D16,PR8A,2,-,True_OF_PR8B,TRUE,RDQS8,,D16,PR8A,2,-,True_OF_PR8B,TRUE,RDQS8,,D16,PR17A,2,-,True_OF_PR17B,TRUE,RDQS17
D2,GND,-,-,-,-,-,,D2,GND,-,-,-,-,-,,D2,GND,-,-,-,-,-
D3,PL2D,7,-,Comp_OF_PL2C,-,LDQ8,,D3,PL2D,7,-,Comp_OF_PL2C,-,LDQ8,,D3,PL11D,7,-,Comp_OF_PL11C,-,LDQ17
D4,PT9B,0,-,Comp_OF_PT9A,-,-,,D4,PT9B,0,-,Comp_OF_PT9A,-,-,,D4,PT9B,0,-,Comp_OF_PT9A,-,-
D5,PT13B,0,-,Comp_OF_PT13A,-,-,,D5,PT13B,0,-,Comp_OF_PT13A,-,-,,D5,PT13B,0,-,Comp_OF_PT13A,-,-
D6,PT20B,0,-,Comp_OF_PT20A,-,-,,D6,PT20B,0,-,Comp_OF_PT20A,-,-,,D6,PT20B,0,-,Comp_OF_PT20A,-,-
D7,PT24B,0,GR_PCLK0_0,Comp_OF_PT24A,-,-,,D7,PT24B,0,GR_PCLK0_0,Comp_OF_PT24A,-,-,,D7,PT33B,0,GR_PCLK0_0,Comp_OF_PT33A,-,-
D8,PT33B,1,PCLKC1_1,Comp_OF_PT33A,-,-,,D8,PT33B,1,PCLKC1_1,Comp_OF_PT33A,-,-,,D8,PT42B,1,PCLKC1_1,Comp_OF_PT42A,-,-
D9,PT40A,1,-,True_OF_PT40B,-,-,,D9,PT40A,1,-,True_OF_PT40B,-,-,,D9,PT49A,1,-,True_OF_PT49B,-,-
E1,PL11D,7,-,Comp_OF_PL11C,-,LDQ8,,E1,PL11D,7,-,Comp_OF_PL11C,-,LDQ8,,E1,PL20D,7,-,Comp_OF_PL20C,-,LDQ17
E10,PT47B,1,-,Comp_OF_PT47A,-,-,,E10,PT47B,1,-,Comp_OF_PT47A,-,-,,E10,PT56B,1,-,Comp_OF_PT56A,-,-
E11,PT51B,1,-,Comp_OF_PT51A,-,-,,E11,PT51B,1,-,Comp_OF_PT51A,-,-,,E11,PT69B,1,-,Comp_OF_PT69A,-,-
E12,PT58B,1,-,Comp_OF_PT58A,-,-,,E12,PT58B,1,-,Comp_OF_PT58A,-,-,,E12,PT76B,1,-,Comp_OF_PT76A,-,-
E13,PT62B,1,-,Comp_OF_PT62A,-,-,,E13,PT62B,1,-,Comp_OF_PT62A,-,-,,E13,PT80B,1,-,Comp_OF_PT80A,-,-
E14,PR5C,2,-,True_OF_PR5D,-,RDQ8,,E14,PR5C,2,-,True_OF_PR5D,-,RDQ8,,E14,PR14C,2,-,True_OF_PR14D,-,RDQ17
E15,PR8B,2,-,Comp_OF_PR8A,TRUE,RDQSN8,,E15,PR8B,2,-,Comp_OF_PR8A,TRUE,RDQSN8,,E15,PR17B,2,-,Comp_OF_PR17A,TRUE,RDQSN17
E16,PR11D,2,-,Comp_OF_PR11C,-,RDQ8,,E16,PR11D,2,-,Comp_OF_PR11C,-,RDQ8,,E16,PR20D,2,-,Comp_OF_PR20C,-,RDQ17
E2,PL8B,7,-,Comp_OF_PL8A,TRUE,LDQSN8,,E2,PL8B,7,-,Comp_OF_PL8A,TRUE,LDQSN8,,E2,PL17B,7,-,Comp_OF_PL17A,TRUE,LDQSN17
E3,PL5C,7,-,True_OF_PL5D,-,LDQ8,,E3,PL5C,7,-,True_OF_PL5D,-,LDQ8,,E3,PL14C,7,-,True_OF_PL14D,-,LDQ17
E4,PT9A,0,-,True_OF_PT9B,-,-,,E4,PT9A,0,-,True_OF_PT9B,-,-,,E4,PT9A,0,-,True_OF_PT9B,-,-
E5,PT13A,0,-,True_OF_PT13B,-,-,,E5,PT13A,0,-,True_OF_PT13B,-,-,,E5,PT13A,0,-,True_OF_PT13B,-,-
E6,PT20A,0,-,True_OF_PT20B,-,-,,E6,PT20A,0,-,True_OF_PT20B,-,-,,E6,PT20A,0,-,True_OF_PT20B,-,-
E7,PT24A,0,GR_PCLK0_1,True_OF_PT24B,-,-,,E7,PT24A,0,GR_PCLK0_1,True_OF_PT24B,-,-,,E7,PT33A,0,GR_PCLK0_1,True_OF_PT33B,-,-
E8,PT33A,1,PCLKT1_1,True_OF_PT33B,-,-,,E8,PT33A,1,PCLKT1_1,True_OF_PT33B,-,-,,E8,PT42A,1,PCLKT1_1,True_OF_PT42B,-,-
E9,PT40B,1,-,Comp_OF_PT40A,-,-,,E9,PT40B,1,-,Comp_OF_PT40A,-,-,,E9,PT49B,1,-,Comp_OF_PT49A,-,-
F1,PL14A,7,-,True_OF_PL14B,TRUE,LDQ20,,F1,PL14A,7,-,True_OF_PL14B,TRUE,LDQ20,,F1,PL23A,7,-,True_OF_PL23B,TRUE,LDQ29
F10,VCCIO1,1,-,-,-,-,,F10,VCCIO1,1,-,-,-,-,,F10,VCCIO1,1,-,-,-,-
F11,VCCIO1,1,-,-,-,-,,F11,VCCIO1,1,-,-,-,-,,F11,VCCIO1,1,-,-,-,-
F12,PR8D,2,-,Comp_OF_PR8C,-,RDQ8,,F12,PR8D,2,-,Comp_OF_PR8C,-,RDQ8,,F12,PR17D,2,-,Comp_OF_PR17C,-,RDQ17
F13,PR8C,2,-,True_OF_PR8D,-,RDQ8,,F13,PR8C,2,-,True_OF_PR8D,-,RDQ8,,F13,PR17C,2,-,True_OF_PR17D,-,RDQ17
F14,PR5D,2,-,Comp_OF_PR5C,-,RDQ8,,F14,PR5D,2,-,Comp_OF_PR5C,-,RDQ8,,F14,PR14D,2,-,Comp_OF_PR14C,-,RDQ17
F15,PR11C,2,-,True_OF_PR11D,-,RDQ8,,F15,PR11C,2,-,True_OF_PR11D,-,RDQ8,,F15,PR20C,2,-,True_OF_PR20D,-,RDQ17
F16,PR14A,2,-,True_OF_PR14B,TRUE,RDQ20,,F16,PR14A,2,-,True_OF_PR14B,TRUE,RDQ20,,F16,PR23A,2,-,True_OF_PR23B,TRUE,RDQ29
F2,PL11C,7,-,True_OF_PL11D,-,LDQ8,,F2,PL11C,7,-,True_OF_PL11D,-,LDQ8,,F2,PL20C,7,-,True_OF_PL20D,-,LDQ17
F3,PL5D,7,-,Comp_OF_PL5C,-,LDQ8,,F3,PL5D,7,-,Comp_OF_PL5C,-,LDQ8,,F3,PL14D,7,-,Comp_OF_PL14C,-,LDQ17
F4,PL8C,7,-,True_OF_PL8D,-,LDQ8,,F4,PL8C,7,-,True_OF_PL8D,-,LDQ8,,F4,PL17C,7,-,True_OF_PL17D,-,LDQ17
F5,PL8D,7,-,Comp_OF_PL8C,-,LDQ8,,F5,PL8D,7,-,Comp_OF_PL8C,-,LDQ8,,F5,PL17D,7,-,Comp_OF_PL17C,-,LDQ17
F6,VCCIO0,0,-,-,-,-,,F6,VCCIO0,0,-,-,-,-,,F6,VCCIO0,0,-,-,-,-
F7,VCCIO0,0,-,-,-,-,,F7,VCCIO0,0,-,-,-,-,,F7,VCCIO0,0,-,-,-,-
F8,GND,-,-,-,-,-,,F8,GND,-,-,-,-,-,,F8,GND,-,-,-,-,-
F9,GND,-,-,-,-,-,,F9,GND,-,-,-,-,-,,F9,GND,-,-,-,-,-
G1,PL20A,7,GR_PCLK7_1,True_OF_PL20B,TRUE,LDQS20,,G1,PL20A,7,GR_PCLK7_1,True_OF_PL20B,TRUE,LDQS20,,G1,PL29A,7,GR_PCLK7_1,True_OF_PL29B,TRUE,LDQS29
G10,GND,-,-,-,-,-,,G10,GND,-,-,-,-,-,,G10,GND,-,-,-,-,-
G11,VCCAUX,-,-,-,-,-,,G11,VCCAUX,-,-,-,-,-,,G11,VCCAUX,-,-,-,-,-
G12,PR11A,2,-,True_OF_PR11B,TRUE,RDQ8,,G12,PR11A,2,-,True_OF_PR11B,TRUE,RDQ8,,G12,PR20A,2,-,True_OF_PR20B,TRUE,RDQ17
G13,PR11B,2,-,Comp_OF_PR11A,TRUE,RDQ8,,G13,PR11B,2,-,Comp_OF_PR11A,TRUE,RDQ8,,G13,PR20B,2,-,Comp_OF_PR20A,TRUE,RDQ17
G14,PR14C,2,VREF1_2,True_OF_PR14D,-,RDQ20,,G14,PR14C,2,VREF1_2,True_OF_PR14D,-,RDQ20,,G14,PR23C,2,VREF1_2,True_OF_PR23D,-,RDQ29
G15,PR14B,2,-,Comp_OF_PR14A,TRUE,RDQ20,,G15,PR14B,2,-,Comp_OF_PR14A,TRUE,RDQ20,,G15,PR23B,2,-,Comp_OF_PR23A,TRUE,RDQ29
G16,PR20A,2,GR_PCLK2_1,True_OF_PR20B,TRUE,RDQS20,,G16,PR20A,2,GR_PCLK2_1,True_OF_PR20B,TRUE,RDQS20,,G16,PR29A,2,GR_PCLK2_1,True_OF_PR29B,TRUE,RDQS29
G2,PL14B,7,-,Comp_OF_PL14A,TRUE,LDQ20,,G2,PL14B,7,-,Comp_OF_PL14A,TRUE,LDQ20,,G2,PL23B,7,-,Comp_OF_PL23A,TRUE,LDQ29
G3,PL14C,7,VREF1_7,True_OF_PL14D,-,LDQ20,,G3,PL14C,7,VREF1_7,True_OF_PL14D,-,LDQ20,,G3,PL23C,7,VREF1_7,True_OF_PL23D,-,LDQ29
G4,PL11B,7,-,Comp_OF_PL11A,TRUE,LDQ8,,G4,PL11B,7,-,Comp_OF_PL11A,TRUE,LDQ8,,G4,PL20B,7,-,Comp_OF_PL20A,TRUE,LDQ17
G5,PL11A,7,-,True_OF_PL11B,TRUE,LDQ8,,G5,PL11A,7,-,True_OF_PL11B,TRUE,LDQ8,,G5,PL20A,7,-,True_OF_PL20B,TRUE,LDQ17
G6,VCC,-,-,-,-,-,,G6,VCC,-,-,-,-,-,,G6,VCC,-,-,-,-,-
G7,VCC,-,-,-,-,-,,G7,VCC,-,-,-,-,-,,G7,VCC,-,-,-,-,-
G8,GND,-,-,-,-,-,,G8,GND,-,-,-,-,-,,G8,GND,-,-,-,-,-
G9,VCC,-,-,-,-,-,,G9,VCC,-,-,-,-,-,,G9,VCC,-,-,-,-,-
H1,GND,-,-,-,-,-,,H1,GND,-,-,-,-,-,,H1,GND,-,-,-,-,-
H10,GND,-,-,-,-,-,,H10,GND,-,-,-,-,-,,H10,GND,-,-,-,-,-
H11,VCCIO2,2,-,-,-,-,,H11,VCCIO2,2,-,-,-,-,,H11,VCCIO2,2,-,-,-,-
H12,PR17A,2,-,True_OF_PR17B,TRUE,RDQ20,,H12,PR17A,2,-,True_OF_PR17B,TRUE,RDQ20,,H12,PR26A,2,-,True_OF_PR26B,TRUE,RDQ29
H13,PR17B,2,-,Comp_OF_PR17A,TRUE,RDQ20,,H13,PR17B,2,-,Comp_OF_PR17A,TRUE,RDQ20,,H13,PR26B,2,-,Comp_OF_PR26A,TRUE,RDQ29
H14,PR14D,2,-,Comp_OF_PR14C,-,RDQ20,,H14,PR14D,2,-,Comp_OF_PR14C,-,RDQ20,,H14,PR23D,2,-,Comp_OF_PR23C,-,RDQ29
H15,PR20B,2,-,Comp_OF_PR20A,TRUE,RDQSN20,,H15,PR20B,2,-,Comp_OF_PR20A,TRUE,RDQSN20,,H15,PR29B,2,-,Comp_OF_PR29A,TRUE,RDQSN29
H16,GND,-,-,-,-,-,,H16,GND,-,-,-,-,-,,H16,GND,-,-,-,-,-
H2,PL20B,7,-,Comp_OF_PL20A,TRUE,LDQSN20,,H2,PL20B,7,-,Comp_OF_PL20A,TRUE,LDQSN20,,H2,PL29B,7,-,Comp_OF_PL29A,TRUE,LDQSN29
H3,PL14D,7,-,Comp_OF_PL14C,-,LDQ20,,H3,PL14D,7,-,Comp_OF_PL14C,-,LDQ20,,H3,PL23D,7,-,Comp_OF_PL23C,-,LDQ29
H4,PL17B,7,-,Comp_OF_PL17A,TRUE,LDQ20,,H4,PL17B,7,-,Comp_OF_PL17A,TRUE,LDQ20,,H4,PL26B,7,-,Comp_OF_PL26A,TRUE,LDQ29
H5,PL17A,7,-,True_OF_PL17B,TRUE,LDQ20,,H5,PL17A,7,-,True_OF_PL17B,TRUE,LDQ20,,H5,PL26A,7,-,True_OF_PL26B,TRUE,LDQ29
H6,VCCIO7,7,-,-,-,-,,H6,VCCIO7,7,-,-,-,-,,H6,VCCIO7,7,-,-,-,-
H7,VCCIO7,7,-,-,-,-,,H7,VCCIO7,7,-,-,-,-,,H7,VCCIO7,7,-,-,-,-
H8,GND,-,-,-,-,-,,H8,GND,-,-,-,-,-,,H8,GND,-,-,-,-,-
H9,GND,-,-,-,-,-,,H9,GND,-,-,-,-,-,,H9,GND,-,-,-,-,-
J1,PL23A,7,PCLKT7_1,True_OF_PL23B,TRUE,LDQ20,,J1,PL23A,7,PCLKT7_1,True_OF_PL23B,TRUE,LDQ20,,J1,PL32A,7,PCLKT7_1,True_OF_PL32B,TRUE,LDQ29
J10,GND,-,-,-,-,-,,J10,GND,-,-,-,-,-,,J10,GND,-,-,-,-,-
J11,VCCIO2,2,-,-,-,-,,J11,VCCIO2,2,-,-,-,-,,J11,VCCIO2,2,-,-,-,-
J12,PR17D,2,-,Comp_OF_PR17C,-,RDQ20,,J12,PR17D,2,-,Comp_OF_PR17C,-,RDQ20,,J12,PR26D,2,-,Comp_OF_PR26C,-,RDQ29
J13,PR17C,2,-,True_OF_PR17D,-,RDQ20,,J13,PR17C,2,-,True_OF_PR17D,-,RDQ20,,J13,PR26C,2,-,True_OF_PR26D,-,RDQ29
J14,PR20C,2,GR_PCLK2_0,True_OF_PR20D,-,RDQ20,,J14,PR20C,2,GR_PCLK2_0,True_OF_PR20D,-,RDQ20,,J14,PR29C,2,GR_PCLK2_0,True_OF_PR29D,-,RDQ29
J15,PR23B,2,PCLKC2_1,Comp_OF_PR23A,TRUE,RDQ20,,J15,PR23B,2,PCLKC2_1,Comp_OF_PR23A,TRUE,RDQ20,,J15,PR32B,2,PCLKC2_1,Comp_OF_PR32A,TRUE,RDQ29
J16,PR23A,2,PCLKT2_1,True_OF_PR23B,TRUE,RDQ20,,J16,PR23A,2,PCLKT2_1,True_OF_PR23B,TRUE,RDQ20,,J16,PR32A,2,PCLKT2_1,True_OF_PR32B,TRUE,RDQ29
J2,PL23B,7,PCLKC7_1,Comp_OF_PL23A,TRUE,LDQ20,,J2,PL23B,7,PCLKC7_1,Comp_OF_PL23A,TRUE,LDQ20,,J2,PL32B,7,PCLKC7_1,Comp_OF_PL32A,TRUE,LDQ29
J3,PL20C,7,GR_PCLK7_0,True_OF_PL20D,-,LDQ20,,J3,PL20C,7,GR_PCLK7_0,True_OF_PL20D,-,LDQ20,,J3,PL29C,7,GR_PCLK7_0,True_OF_PL29D,-,LDQ29
J4,PL17C,7,-,True_OF_PL17D,-,LDQ20,,J4,PL17C,7,-,True_OF_PL17D,-,LDQ20,,J4,PL26C,7,-,True_OF_PL26D,-,LDQ29
J5,PL17D,7,-,Comp_OF_PL17C,-,LDQ20,,J5,PL17D,7,-,Comp_OF_PL17C,-,LDQ20,,J5,PL26D,7,-,Comp_OF_PL26C,-,LDQ29
J6,VCCIO6,6,-,-,-,-,,J6,VCCIO6,6,-,-,-,-,,J6,VCCIO6,6,-,-,-,-
J7,VCCIO6,6,-,-,-,-,,J7,VCCIO6,6,-,-,-,-,,J7,VCCIO6,6,-,-,-,-
J8,GND,-,-,-,-,-,,J8,GND,-,-,-,-,-,,J8,GND,-,-,-,-,-
J9,GND,-,-,-,-,-,,J9,GND,-,-,-,-,-,,J9,GND,-,-,-,-,-
K1,PL23C,7,PCLKT7_0,True_OF_PL23D,-,LDQ20,,K1,PL23C,7,PCLKT7_0,True_OF_PL23D,-,LDQ20,,K1,PL32C,7,PCLKT7_0,True_OF_PL32D,-,LDQ29
K10,GND,-,-,-,-,-,,K10,GND,-,-,-,-,-,,K10,GND,-,-,-,-,-
K11,VCCIO3,3,-,-,-,-,,K11,VCCIO3,3,-,-,-,-,,K11,VCCIO3,3,-,-,-,-
K12,PR29B,3,-,Comp_OF_PR29A,TRUE,RDQ32,,K12,PR29B,3,-,Comp_OF_PR29A,TRUE,RDQ32,,K12,PR38B,3,-,Comp_OF_PR38A,TRUE,RDQ41
K13,PR29A,3,GR_PCLK3_0,True_OF_PR29B,TRUE,RDQ32,,K13,PR29A,3,GR_PCLK3_0,True_OF_PR29B,TRUE,RDQ32,,K13,PR38A,3,GR_PCLK3_0,True_OF_PR38B,TRUE,RDQ41
K14,PR20D,2,-,Comp_OF_PR20C,-,RDQ20,,K14,PR20D,2,-,Comp_OF_PR20C,-,RDQ20,,K14,PR29D,2,-,Comp_OF_PR29C,-,RDQ29
K15,PR23D,2,PCLKC2_0,Comp_OF_PR23C,-,RDQ20,,K15,PR23D,2,PCLKC2_0,Comp_OF_PR23C,-,RDQ20,,K15,PR32D,2,PCLKC2_0,Comp_OF_PR32C,-,RDQ29
K16,PR23C,2,PCLKT2_0,True_OF_PR23D,-,RDQ20,,K16,PR23C,2,PCLKT2_0,True_OF_PR23D,-,RDQ20,,K16,PR32C,2,PCLKT2_0,True_OF_PR32D,-,RDQ29
K2,PL23D,7,PCLKC7_0,Comp_OF_PL23C,-,LDQ20,,K2,PL23D,7,PCLKC7_0,Comp_OF_PL23C,-,LDQ20,,K2,PL32D,7,PCLKC7_0,Comp_OF_PL32C,-,LDQ29
K3,PL20D,7,-,Comp_OF_PL20C,-,LDQ20,,K3,PL20D,7,-,Comp_OF_PL20C,-,LDQ20,,K3,PL29D,7,-,Comp_OF_PL29C,-,LDQ29
K4,PL29A,6,GR_PCLK6_0,True_OF_PL29B,TRUE,LDQ32,,K4,PL29A,6,GR_PCLK6_0,True_OF_PL29B,TRUE,LDQ32,,K4,PL38A,6,GR_PCLK6_0,True_OF_PL38B,TRUE,LDQ41
K5,PL29B,6,-,Comp_OF_PL29A,TRUE,LDQ32,,K5,PL29B,6,-,Comp_OF_PL29A,TRUE,LDQ32,,K5,PL38B,6,-,Comp_OF_PL38A,TRUE,LDQ41
K6,GND,-,-,-,-,-,,K6,GND,-,-,-,-,-,,K6,GND,-,-,-,-,-
K7,GND,-,-,-,-,-,,K7,GND,-,-,-,-,-,,K7,GND,-,-,-,-,-
K8,GND,-,-,-,-,-,,K8,GND,-,-,-,-,-,,K8,GND,-,-,-,-,-
K9,GND,-,-,-,-,-,,K9,GND,-,-,-,-,-,,K9,GND,-,-,-,-,-
L1,PL26A,6,PCLKT6_1,True_OF_PL26B,TRUE,LDQ32,,L1,PL26A,6,PCLKT6_1,True_OF_PL26B,TRUE,LDQ32,,L1,PL35A,6,PCLKT6_1,True_OF_PL35B,TRUE,LDQ41
L10,VCC,-,-,-,-,-,,L10,VCC,-,-,-,-,-,,L10,VCC,-,-,-,-,-
L11,VCCIO3,3,-,-,-,-,,L11,VCCIO3,3,-,-,-,-,,L11,VCCIO3,3,-,-,-,-
L12,PR29D,3,-,Comp_OF_PR29C,-,RDQ32,,L12,PR29D,3,-,Comp_OF_PR29C,-,RDQ32,,L12,PR38D,3,-,Comp_OF_PR38C,-,RDQ41
L13,PR29C,3,GR_PCLK3_1,True_OF_PR29D,-,RDQ32,,L13,PR29C,3,GR_PCLK3_1,True_OF_PR29D,-,RDQ32,,L13,PR38C,3,GR_PCLK3_1,True_OF_PR38D,-,RDQ41
L14,PR32C,3,-,True_OF_PR32D,-,RDQ32,,L14,PR32C,3,-,True_OF_PR32D,-,RDQ32,,L14,PR41C,3,-,True_OF_PR41D,-,RDQ41
L15,PR26B,3,PCLKC3_1,Comp_OF_PR26A,TRUE,RDQ32,,L15,PR26B,3,PCLKC3_1,Comp_OF_PR26A,TRUE,RDQ32,,L15,PR35B,3,PCLKC3_1,Comp_OF_PR35A,TRUE,RDQ41
L16,PR26A,3,PCLKT3_1,True_OF_PR26B,TRUE,RDQ32,,L16,PR26A,3,PCLKT3_1,True_OF_PR26B,TRUE,RDQ32,,L16,PR35A,3,PCLKT3_1,True_OF_PR35B,TRUE,RDQ41
L2,PL26B,6,PCLKC6_1,Comp_OF_PL26A,TRUE,LDQ32,,L2,PL26B,6,PCLKC6_1,Comp_OF_PL26A,TRUE,LDQ32,,L2,PL35B,6,PCLKC6_1,Comp_OF_PL35A,TRUE,LDQ41
L3,PL32C,6,-,True_OF_PL32D,-,LDQ32,,L3,PL32C,6,-,True_OF_PL32D,-,LDQ32,,L3,PL41C,6,-,True_OF_PL41D,-,LDQ41
L4,PL29C,6,GR_PCLK6_1,True_OF_PL29D,-,LDQ32,,L4,PL29C,6,GR_PCLK6_1,True_OF_PL29D,-,LDQ32,,L4,PL38C,6,GR_PCLK6_1,True_OF_PL38D,-,LDQ41
L5,PL29D,6,-,Comp_OF_PL29C,-,LDQ32,,L5,PL29D,6,-,Comp_OF_PL29C,-,LDQ32,,L5,PL38D,6,-,Comp_OF_PL38C,-,LDQ41
L6,VCCIO8,8,-,-,-,-,,L6,VCCIO8,8,-,-,-,-,,L6,VCCIO8,8,-,-,-,-
L7,VCCAUX,-,-,-,-,-,,L7,VCCAUX,-,-,-,-,-,,L7,VCCAUX,-,-,-,-,-
L8,VCC,-,-,-,-,-,,L8,VCC,-,-,-,-,-,,L8,VCC,-,-,-,-,-
L9,VCC,-,-,-,-,-,,L9,VCC,-,-,-,-,-,,L9,VCC,-,-,-,-,-
M1,PL26C,6,PCLKT6_0,True_OF_PL26D,-,LDQ32,,M1,PL26C,6,PCLKT6_0,True_OF_PL26D,-,LDQ32,,M1,PL35C,6,PCLKT6_0,True_OF_PL35D,-,LDQ41
M10,TDO,40,-,-,-,-,,M10,TDO,40,-,-,-,-,,M10,TDO,40,-,-,-,-
M11,PR47A,3,-,True_OF_PR47B,TRUE,RDQ44,,M11,PR47A,3,-,True_OF_PR47B,TRUE,RDQ44,,M11,PR68A,3,-,True_OF_PR68B,TRUE,RDQ65
M12,PR44C,3,-,True_OF_PR44D,-,RDQ44,,M12,PR44C,3,-,True_OF_PR44D,-,RDQ44,,M12,PR65C,3,-,True_OF_PR65D,-,RDQ65
M13,PR35C,3,-,True_OF_PR35D,-,RDQ32,,M13,PR35C,3,-,True_OF_PR35D,-,RDQ32,,M13,PR44C,3,-,True_OF_PR44D,-,RDQ41
M14,PR32D,3,-,Comp_OF_PR32C,-,RDQ32,,M14,PR32D,3,-,Comp_OF_PR32C,-,RDQ32,,M14,PR41D,3,-,Comp_OF_PR41C,-,RDQ41
M15,PR26D,3,PCLKC3_0,Comp_OF_PR26C,-,RDQ32,,M15,PR26D,3,PCLKC3_0,Comp_OF_PR26C,-,RDQ32,,M15,PR35D,3,PCLKC3_0,Comp_OF_PR35C,-,RDQ41
M16,PR26C,3,PCLKT3_0,True_OF_PR26D,-,RDQ32,,M16,PR26C,3,PCLKT3_0,True_OF_PR26D,-,RDQ32,,M16,PR35C,3,PCLKT3_0,True_OF_PR35D,-,RDQ41
M2,PL26D,6,PCLKC6_0,Comp_OF_PL26C,-,LDQ32,,M2,PL26D,6,PCLKC6_0,Comp_OF_PL26C,-,LDQ32,,M2,PL35D,6,PCLKC6_0,Comp_OF_PL35C,-,LDQ41
M3,PL32D,6,-,Comp_OF_PL32C,-,LDQ32,,M3,PL32D,6,-,Comp_OF_PL32C,-,LDQ32,,M3,PL41D,6,-,Comp_OF_PL41C,-,LDQ41
M4,PL35C,6,-,True_OF_PL35D,-,LDQ32,,M4,PL35C,6,-,True_OF_PL35D,-,LDQ32,,M4,PL44C,6,-,True_OF_PL44D,-,LDQ41
M5,PL44C,6,-,True_OF_PL44D,-,LDQ44,,M5,PL44C,6,-,True_OF_PL44D,-,LDQ44,,M5,PL65C,6,-,True_OF_PL65D,-,LDQ65
M6,PL47A,6,-,True_OF_PL47B,TRUE,LDQ44,,M6,PL47A,6,-,True_OF_PL47B,TRUE,LDQ44,,M6,PL68A,6,-,True_OF_PL68B,TRUE,LDQ65
M7,PB9B,8,D2/IO2,Comp_OF_PB9A,-,-,,M7,PB9B,8,D2/IO2,Comp_OF_PB9A,-,-,,M7,PB9B,8,D2/IO2,Comp_OF_PB9A,-,-
M8,PB15B,8,DOUT/CSON,Comp_OF_PB15A,-,-,,M8,PB15B,8,DOUT/CSON,Comp_OF_PB15A,-,-,,M8,PB15B,8,DOUT/CSON,Comp_OF_PB15A,-,-
M9,PB18A,8,WRITEN,-,-,-,,M9,PB18A,8,WRITEN,-,-,-,,M9,PB18A,8,WRITEN,-,-,-
N1,PL32A,6,-,True_OF_PL32B,TRUE,LDQS32,,N1,PL32A,6,-,True_OF_PL32B,TRUE,LDQS32,,N1,PL41A,6,-,True_OF_PL41B,TRUE,LDQS41
N10,CFG_0,8,-,-,-,-,,N10,CFG_0,8,-,-,-,-,,N10,CFG_0,8,-,-,-,-
N11,PR47B,3,-,Comp_OF_PR47A,TRUE,RDQ44,,N11,PR47B,3,-,Comp_OF_PR47A,TRUE,RDQ44,,N11,PR68B,3,-,Comp_OF_PR68A,TRUE,RDQ65
N12,PR44D,3,-,Comp_OF_PR44C,-,RDQ44,,N12,PR44D,3,-,Comp_OF_PR44C,-,RDQ44,,N12,PR65D,3,-,Comp_OF_PR65C,-,RDQ65
N13,PR38A,3,-,True_OF_PR38B,TRUE,RDQ44,,N13,PR38A,3,-,True_OF_PR38B,TRUE,RDQ44,,N13,PR59A,3,-,True_OF_PR59B,TRUE,RDQ65
N14,PR35D,3,-,Comp_OF_PR35C,-,RDQ32,,N14,PR35D,3,-,Comp_OF_PR35C,-,RDQ32,,N14,PR44D,3,-,Comp_OF_PR44C,-,RDQ41
N15,GND,-,-,-,-,-,,N15,GND,-,-,-,-,-,,N15,GND,-,-,-,-,-
N16,PR32A,3,-,True_OF_PR32B,TRUE,RDQS32,,N16,PR32A,3,-,True_OF_PR32B,TRUE,RDQS32,,N16,PR41A,3,-,True_OF_PR41B,TRUE,RDQS41
N2,GND,-,-,-,-,-,,N2,GND,-,-,-,-,-,,N2,GND,-,-,-,-,-
N3,PL35D,6,-,Comp_OF_PL35C,-,LDQ32,,N3,PL35D,6,-,Comp_OF_PL35C,-,LDQ32,,N3,PL44D,6,-,Comp_OF_PL44C,-,LDQ41
N4,PL38A,6,-,True_OF_PL38B,TRUE,LDQ44,,N4,PL38A,6,-,True_OF_PL38B,TRUE,LDQ44,,N4,PL59A,6,-,True_OF_PL59B,TRUE,LDQ65
N5,PL44D,6,-,Comp_OF_PL44C,-,LDQ44,,N5,PL44D,6,-,Comp_OF_PL44C,-,LDQ44,,N5,PL65D,6,-,Comp_OF_PL65C,-,LDQ65
N6,PL47B,6,-,Comp_OF_PL47A,TRUE,LDQ44,,N6,PL47B,6,-,Comp_OF_PL47A,TRUE,LDQ44,,N6,PL68B,6,-,Comp_OF_PL68A,TRUE,LDQ65
N7,PB9A,8,D3/IO3,True_OF_PB9B,-,-,,N7,PB9A,8,D3/IO3,True_OF_PB9B,-,-,,N7,PB9A,8,D3/IO3,True_OF_PB9B,-,-
N8,PB15A,8,HOLDN/DI/BUSY/CSSPIN/CEN,True_OF_PB15B,-,-,,N8,PB15A,8,HOLDN/DI/BUSY/CSSPIN/CEN,True_OF_PB15B,-,-,,N8,PB15A,8,HOLDN/DI/BUSY/CSSPIN/CEN,True_OF_PB15B,-,-
N9,CCLK,8,MCLK/SCK,-,-,-,,N9,CCLK,8,MCLK/SCK,-,-,-,,N9,CCLK,8,MCLK/SCK,-,-,-
P1,PL35A,6,-,True_OF_PL35B,TRUE,LDQ32,,P1,PL35A,6,-,True_OF_PL35B,TRUE,LDQ32,,P1,PL44A,6,-,True_OF_PL44B,TRUE,LDQ41
P10,CFG_1,8,-,-,-,-,,P10,CFG_1,8,-,-,-,-,,P10,CFG_1,8,-,-,-,-
P11,PR47C,3,LRC_GPLL0T_IN,True_OF_PR47D,-,RDQ44,,P11,PR47C,3,LRC_GPLL0T_IN,True_OF_PR47D,-,RDQ44,,P11,PR68C,3,LRC_GPLL0T_IN,True_OF_PR68D,-,RDQ65
P12,PR47D,3,LRC_GPLL0C_IN,Comp_OF_PR47C,-,RDQ44,,P12,PR47D,3,LRC_GPLL0C_IN,Comp_OF_PR47C,-,RDQ44,,P12,PR68D,3,LRC_GPLL0C_IN,Comp_OF_PR68C,-,RDQ65
P13,PR41A,3,-,True_OF_PR41B,TRUE,RDQ44,,P13,PR41A,3,-,True_OF_PR41B,TRUE,RDQ44,,P13,PR62A,3,-,True_OF_PR62B,TRUE,RDQ65
P14,PR38B,3,-,Comp_OF_PR38A,TRUE,RDQ44,,P14,PR38B,3,-,Comp_OF_PR38A,TRUE,RDQ44,,P14,PR59B,3,-,Comp_OF_PR59A,TRUE,RDQ65
P15,PR32B,3,-,Comp_OF_PR32A,TRUE,RDQSN32,,P15,PR32B,3,-,Comp_OF_PR32A,TRUE,RDQSN32,,P15,PR41B,3,-,Comp_OF_PR41A,TRUE,RDQSN41
P16,PR35A,3,-,True_OF_PR35B,TRUE,RDQ32,,P16,PR35A,3,-,True_OF_PR35B,TRUE,RDQ32,,P16,PR44A,3,-,True_OF_PR44B,TRUE,RDQ41
P2,PL32B,6,-,Comp_OF_PL32A,TRUE,LDQSN32,,P2,PL32B,6,-,Comp_OF_PL32A,TRUE,LDQSN32,,P2,PL41B,6,-,Comp_OF_PL41A,TRUE,LDQSN41
P3,PL38B,6,-,Comp_OF_PL38A,TRUE,LDQ44,,P3,PL38B,6,-,Comp_OF_PL38A,TRUE,LDQ44,,P3,PL59B,6,-,Comp_OF_PL59A,TRUE,LDQ65
P4,PL41A,6,-,True_OF_PL41B,TRUE,LDQ44,,P4,PL41A,6,-,True_OF_PL41B,TRUE,LDQ44,,P4,PL62A,6,-,True_OF_PL62B,TRUE,LDQ65
P5,PL47D,6,LLC_GPLL0C_IN,Comp_OF_PL47C,-,LDQ44,,P5,PL47D,6,LLC_GPLL0C_IN,Comp_OF_PL47C,-,LDQ44,,P5,PL68D,6,LLC_GPLL0C_IN,Comp_OF_PL68C,-,LDQ65
P6,PL47C,6,LLC_GPLL0T_IN,True_OF_PL47D,-,LDQ44,,P6,PL47C,6,LLC_GPLL0T_IN,True_OF_PL47D,-,LDQ44,,P6,PL68C,6,LLC_GPLL0T_IN,True_OF_PL68D,-,LDQ65
P7,PB6B,8,D4/MOSI2/IO4,Comp_OF_PB6A,-,-,,P7,PB6B,8,D4/MOSI2/IO4,Comp_OF_PB6A,-,-,,P7,PB6B,8,D4/MOSI2/IO4,Comp_OF_PB6A,-,-
P8,PB13B,8,CS1N,Comp_OF_PB13A,-,-,,P8,PB13B,8,CS1N,Comp_OF_PB13A,-,-,,P8,PB13B,8,CS1N,Comp_OF_PB13A,-,-
P9,DONE,8,-,-,-,-,,P9,DONE,8,-,-,-,-,,P9,DONE,8,-,-,-,-
R1,PL35B,6,VREF1_6,Comp_OF_PL35A,TRUE,LDQ32,,R1,PL35B,6,VREF1_6,Comp_OF_PL35A,TRUE,LDQ32,,R1,PL44B,6,VREF1_6,Comp_OF_PL44A,TRUE,LDQ41
R10,CFG_2,8,-,-,-,-,,R10,CFG_2,8,-,-,-,-,,R10,CFG_2,8,-,-,-,-
R11,TDI,40,-,-,-,-,,R11,TDI,40,-,-,-,-,,R11,TDI,40,-,-,-,-
R12,PR44A,3,-,True_OF_PR44B,TRUE,RDQS44,,R12,PR44A,3,-,True_OF_PR44B,TRUE,RDQS44,,R12,PR65A,3,-,True_OF_PR65B,TRUE,RDQS65
R13,PR41C,3,-,True_OF_PR41D,-,RDQ44,,R13,PR41C,3,-,True_OF_PR41D,-,RDQ44,,R13,PR62C,3,-,True_OF_PR62D,-,RDQ65
R14,PR41B,3,-,Comp_OF_PR41A,TRUE,RDQ44,,R14,PR41B,3,-,Comp_OF_PR41A,TRUE,RDQ44,,R14,PR62B,3,-,Comp_OF_PR62A,TRUE,RDQ65
R15,PR38C,3,-,True_OF_PR38D,-,RDQ44,,R15,PR38C,3,-,True_OF_PR38D,-,RDQ44,,R15,PR59C,3,-,True_OF_PR59D,-,RDQ65
R16,PR35B,3,VREF1_3,Comp_OF_PR35A,TRUE,RDQ32,,R16,PR35B,3,VREF1_3,Comp_OF_PR35A,TRUE,RDQ32,,R16,PR44B,3,VREF1_3,Comp_OF_PR44A,TRUE,RDQ41
R2,PL38C,6,-,True_OF_PL38D,-,LDQ44,,R2,PL38C,6,-,True_OF_PL38D,-,LDQ44,,R2,PL59C,6,-,True_OF_PL59D,-,LDQ65
R3,PL41B,6,-,Comp_OF_PL41A,TRUE,LDQ44,,R3,PL41B,6,-,Comp_OF_PL41A,TRUE,LDQ44,,R3,PL62B,6,-,Comp_OF_PL62A,TRUE,LDQ65
R4,PL41C,6,-,True_OF_PL41D,-,LDQ44,,R4,PL41C,6,-,True_OF_PL41D,-,LDQ44,,R4,PL62C,6,-,True_OF_PL62D,-,LDQ65
R5,PL44A,6,-,True_OF_PL44B,TRUE,LDQS44,,R5,PL44A,6,-,True_OF_PL44B,TRUE,LDQS44,,R5,PL65A,6,-,True_OF_PL65B,TRUE,LDQS65
R6,PB4B,8,D6/IO6,Comp_OF_PB4A,-,-,,R6,PB4B,8,D6/IO6,Comp_OF_PB4A,-,-,,R6,PB4B,8,D6/IO6,Comp_OF_PB4A,-,-
R7,PB6A,8,D5/MISO2/IO5,True_OF_PB6B,-,-,,R7,PB6A,8,D5/MISO2/IO5,True_OF_PB6B,-,-,,R7,PB6A,8,D5/MISO2/IO5,True_OF_PB6B,-,-
R8,PB13A,8,SN/CSN,True_OF_PB13B,-,-,,R8,PB13A,8,SN/CSN,True_OF_PB13B,-,-,,R8,PB13A,8,SN/CSN,True_OF_PB13B,-,-
R9,PROGRAMN,8,-,-,-,-,,R9,PROGRAMN,8,-,-,-,-,,R9,PROGRAMN,8,-,-,-,-
T1,GND,-,-,-,-,-,,T1,GND,-,-,-,-,-,,T1,GND,-,-,-,-,-
T10,TCK,40,-,-,-,-,,T10,TCK,40,-,-,-,-,,T10,TCK,40,-,-,-,-
T11,TMS,40,-,-,-,-,,T11,TMS,40,-,-,-,-,,T11,TMS,40,-,-,-,-
T12,GND,-,-,-,-,-,,T12,GND,-,-,-,-,-,,T12,GND,-,-,-,-,-
T13,PR44B,3,-,Comp_OF_PR44A,TRUE,RDQSN44,,T13,PR44B,3,-,Comp_OF_PR44A,TRUE,RDQSN44,,T13,PR65B,3,-,Comp_OF_PR65A,TRUE,RDQSN65
T14,PR41D,3,-,Comp_OF_PR41C,-,RDQ44,,T14,PR41D,3,-,Comp_OF_PR41C,-,RDQ44,,T14,PR62D,3,-,Comp_OF_PR62C,-,RDQ65
T15,PR38D,3,-,Comp_OF_PR38C,-,RDQ44,,T15,PR38D,3,-,Comp_OF_PR38C,-,RDQ44,,T15,PR59D,3,-,Comp_OF_PR59C,-,RDQ65
T16,GND,-,-,-,-,-,,T16,GND,-,-,-,-,-,,T16,GND,-,-,-,-,-
T2,PL38D,6,-,Comp_OF_PL38C,-,LDQ44,,T2,PL38D,6,-,Comp_OF_PL38C,-,LDQ44,,T2,PL59D,6,-,Comp_OF_PL59C,-,LDQ65
T3,PL41D,6,-,Comp_OF_PL41C,-,LDQ44,,T3,PL41D,6,-,Comp_OF_PL41C,-,LDQ44,,T3,PL62D,6,-,Comp_OF_PL62C,-,LDQ65
T4,PL44B,6,-,Comp_OF_PL44A,TRUE,LDQSN44,,T4,PL44B,6,-,Comp_OF_PL44A,TRUE,LDQSN44,,T4,PL65B,6,-,Comp_OF_PL65A,TRUE,LDQSN65
T5,GND,-,-,-,-,-,,T5,GND,-,-,-,-,-,,T5,GND,-,-,-,-,-
T6,PB4A,8,D7/IO7,True_OF_PB4B,-,-,,T6,PB4A,8,D7/IO7,True_OF_PB4B,-,-,,T6,PB4A,8,D7/IO7,True_OF_PB4B,-,-
T7,PB11A,8,D1/MISO/IO1,True_OF_PB11B,-,-,,T7,PB11A,8,D1/MISO/IO1,True_OF_PB11B,-,-,,T7,PB11A,8,D1/MISO/IO1,True_OF_PB11B,-,-
T8,PB11B,8,D0/MOSI/IO0,Comp_OF_PB11A,-,-,,T8,PB11B,8,D0/MOSI/IO0,Comp_OF_PB11A,-,-,,T8,PB11B,8,D0/MOSI/IO0,Comp_OF_PB11A,-,-
T9,INITN,8,-,-,-,-,,T9,INITN,8,-,-,-,-,,T9,INITN,8,-,-,-,-
