# ECP5U & ECP5UM caBGA554 Pin Migration,,,,,,,,,,,,,,,,,,,,,,,,,,,,,,
# Revision 1.0,,,,,,,,,,,,,,,,,,,,,,,,,,,,,,
"# Revised Mar 19, 2018",,,,,,,,,,,,,,,,,,,,,,,,,,,,,,
# Please read note at the bottom on ECP5U & ECP5UM migration,,,,,,,,,,,,,,,,,,,,,,,,,,,,,,
,,,,,,,,,,,,,,,,,,,,,,,,,,,,,,
LFE5U-45,,,,,,,,LFE5UM-45,,,,,,,,LFE5U-85,,,,,,,,LFE5UM-85,,,,,,
Pin Number,Pin Function,Bank,Dual Function,Differential,True LVDS,DQS,,Pin Number,Pin Function,Bank,Dual Function,Differential,True LVDS,DQS,,Pin Number,Pin Function,Bank,Dual Function,Differential,True LVDS,DQS,,Pin Number,Pin Function,Bank,Dual Function,Differential,True LVDS,DQS
A2,PT4A,0,ULC_GPLL1T_IN,True_OF_PT4B,-,-,,A2,PT4A,0,ULC_GPLL1T_IN,True_OF_PT4B,-,-,,A2,PT4A,0,ULC_GPLL1T_IN,True_OF_PT4B,-,-,,A2,PT4A,0,ULC_GPLL1T_IN,True_OF_PT4B,-,-
A3,PT4B,0,ULC_GPLL1C_IN,Comp_OF_PT4A,-,-,,A3,PT4B,0,ULC_GPLL1C_IN,Comp_OF_PT4A,-,-,,A3,PT4B,0,ULC_GPLL1C_IN,Comp_OF_PT4A,-,-,,A3,PT4B,0,ULC_GPLL1C_IN,Comp_OF_PT4A,-,-
A4,PT6B,0,-,Comp_OF_PT6A,-,-,,A4,PT6B,0,-,Comp_OF_PT6A,-,-,,A4,PT6B,0,-,Comp_OF_PT6A,-,-,,A4,PT6B,0,-,Comp_OF_PT6A,-,-
A5,PT15A,0,-,True_OF_PT15B,-,-,,A5,PT15A,0,-,True_OF_PT15B,-,-,,A5,PT15A,0,-,True_OF_PT15B,-,-,,A5,PT15A,0,-,True_OF_PT15B,-,-
A6,PT15B,0,-,Comp_OF_PT15A,-,-,,A6,PT15B,0,-,Comp_OF_PT15A,-,-,,A6,PT15B,0,-,Comp_OF_PT15A,-,-,,A6,PT15B,0,-,Comp_OF_PT15A,-,-
A8,PT18A,0,-,True_OF_PT18B,-,-,,A8,PT18A,0,-,True_OF_PT18B,-,-,,A8,PT18A,0,-,True_OF_PT18B,-,-,,A8,PT18A,0,-,True_OF_PT18B,-,-
A9,PT18B,0,-,Comp_OF_PT18A,-,-,,A9,PT18B,0,-,Comp_OF_PT18A,-,-,,A9,PT18B,0,-,Comp_OF_PT18A,-,-,,A9,PT18B,0,-,Comp_OF_PT18A,-,-
A10,PT31A,0,-,True_OF_PT31B,-,-,,A10,PT31A,0,-,True_OF_PT31B,-,-,,A10,PT58A,0,-,True_OF_PT58B,-,-,,A10,PT58A,0,-,True_OF_PT58B,-,-
A11,PT31B,0,-,Comp_OF_PT31A,-,-,,A11,PT31B,0,-,Comp_OF_PT31A,-,-,,A11,PT58B,0,-,Comp_OF_PT58A,-,-,,A11,PT58B,0,-,Comp_OF_PT58A,-,-
A12,PT38A,0,PCLKT0_0,True_OF_PT38B,-,-,,A12,PT38A,0,PCLKT0_0,True_OF_PT38B,-,-,,A12,PT65A,0,PCLKT0_0,True_OF_PT65B,-,-,,A12,PT65A,0,PCLKT0_0,True_OF_PT65B,-,-
A13,PT38B,0,PCLKC0_0,Comp_OF_PT38A,-,-,,A13,PT38B,0,PCLKC0_0,Comp_OF_PT38A,-,-,,A13,PT65B,0,PCLKC0_0,Comp_OF_PT65A,-,-,,A13,PT65B,0,PCLKC0_0,Comp_OF_PT65A,-,-
A14,PT51A,1,-,True_OF_PT51B,-,-,,A14,PT51A,1,-,True_OF_PT51B,-,-,,A14,PT78A,1,-,True_OF_PT78B,-,-,,A14,PT78A,1,-,True_OF_PT78B,-,-
A15,PT51B,1,-,Comp_OF_PT51A,-,-,,A15,PT51B,1,-,Comp_OF_PT51A,-,-,,A15,PT78B,1,-,Comp_OF_PT78A,-,-,,A15,PT78B,1,-,Comp_OF_PT78A,-,-
A16,PT58A,1,-,True_OF_PT58B,-,-,,A16,PT58A,1,-,True_OF_PT58B,-,-,,A16,PT85A,1,-,True_OF_PT85B,-,-,,A16,PT85A,1,-,True_OF_PT85B,-,-
A17,PT58B,1,-,Comp_OF_PT58A,-,-,,A17,PT58B,1,-,Comp_OF_PT58A,-,-,,A17,PT85B,1,-,Comp_OF_PT85A,-,-,,A17,PT85B,1,-,Comp_OF_PT85A,-,-
A18,PT71A,1,-,True_OF_PT71B,-,-,,A18,PT71A,1,-,True_OF_PT71B,-,-,,A18,PT107A,1,-,True_OF_PT107B,-,-,,A18,PT107A,1,-,True_OF_PT107B,-,-
A19,PT71B,1,-,Comp_OF_PT71A,-,-,,A19,PT71B,1,-,Comp_OF_PT71A,-,-,,A19,PT107B,1,-,Comp_OF_PT107A,-,-,,A19,PT107B,1,-,Comp_OF_PT107A,-,-
A21,PT74A,1,-,True_OF_PT74B,-,-,,A21,PT74A,1,-,True_OF_PT74B,-,-,,A21,PT110A,1,-,True_OF_PT110B,-,-,,A21,PT110A,1,-,True_OF_PT110B,-,-
A22,PT74B,1,-,Comp_OF_PT74A,-,-,,A22,PT74B,1,-,Comp_OF_PT74A,-,-,,A22,PT110B,1,-,Comp_OF_PT110A,-,-,,A22,PT110B,1,-,Comp_OF_PT110A,-,-
A23,PT83A,1,-,True_OF_PT83B,-,-,,A23,PT83A,1,-,True_OF_PT83B,-,-,,A23,PT119A,1,-,True_OF_PT119B,-,-,,A23,PT119A,1,-,True_OF_PT119B,-,-
A24,PT85A,1,URC_GPLL1T_IN,True_OF_PT85B,-,-,,A24,PT85A,1,URC_GPLL1T_IN,True_OF_PT85B,-,-,,A24,PT121A,1,URC_GPLL1T_IN,True_OF_PT121B,-,-,,A24,PT121A,1,URC_GPLL1T_IN,True_OF_PT121B,-,-
A25,PT85B,1,URC_GPLL1C_IN,Comp_OF_PT85A,-,-,,A25,PT85B,1,URC_GPLL1C_IN,Comp_OF_PT85A,-,-,,A25,PT121B,1,URC_GPLL1C_IN,Comp_OF_PT121A,-,-,,A25,PT121B,1,URC_GPLL1C_IN,Comp_OF_PT121A,-,-
B1,PL14C,7,-,True_OF_PL14D,-,LDQ17,,B1,PL14C,7,-,True_OF_PL14D,-,LDQ17,,B1,PL14C,7,-,True_OF_PL14D,-,LDQ17,,B1,PL14C,7,-,True_OF_PL14D,-,LDQ17
B2,GND,-,-,-,-,-,,B2,GND,-,-,-,-,-,,B2,GND,-,-,-,-,-,,B2,GND,-,-,-,-,-
B3,PL14D,7,-,Comp_OF_PL14C,-,LDQ17,,B3,PL14D,7,-,Comp_OF_PL14C,-,LDQ17,,B3,PL14D,7,-,Comp_OF_PL14C,-,LDQ17,,B3,PL14D,7,-,Comp_OF_PL14C,-,LDQ17
B4,PT6A,0,-,True_OF_PT6B,-,-,,B4,PT6A,0,-,True_OF_PT6B,-,-,,B4,PT6A,0,-,True_OF_PT6B,-,-,,B4,PT6A,0,-,True_OF_PT6B,-,-
B5,GND,-,-,-,-,-,,B5,GND,-,-,-,-,-,,B5,GND,-,-,-,-,-,,B5,GND,-,-,-,-,-
B6,PT13B,0,-,Comp_OF_PT13A,-,-,,B6,PT13B,0,-,Comp_OF_PT13A,-,-,,B6,PT13B,0,-,Comp_OF_PT13A,-,-,,B6,PT13B,0,-,Comp_OF_PT13A,-,-
B8,PT20A,0,-,True_OF_PT20B,-,-,,B8,PT20A,0,-,True_OF_PT20B,-,-,,B8,PT20A,0,-,True_OF_PT20B,-,-,,B8,PT20A,0,-,True_OF_PT20B,-,-
B9,GND,-,-,-,-,-,,B9,GND,-,-,-,-,-,,B9,GND,-,-,-,-,-,,B9,GND,-,-,-,-,-
B10,PT29B,0,-,Comp_OF_PT29A,-,-,,B10,PT29B,0,-,Comp_OF_PT29A,-,-,,B10,PT56B,0,-,Comp_OF_PT56A,-,-,,B10,PT56B,0,-,Comp_OF_PT56A,-,-
B11,PT33B,0,GR_PCLK0_0,Comp_OF_PT33A,-,-,,B11,PT33B,0,GR_PCLK0_0,Comp_OF_PT33A,-,-,,B11,PT60B,0,GR_PCLK0_0,Comp_OF_PT60A,-,-,,B11,PT60B,0,GR_PCLK0_0,Comp_OF_PT60A,-,-
B12,GND,-,-,-,-,-,,B12,GND,-,-,-,-,-,,B12,GND,-,-,-,-,-,,B12,GND,-,-,-,-,-
B13,PT49A,1,-,True_OF_PT49B,-,-,,B13,PT49A,1,-,True_OF_PT49B,-,-,,B13,PT76A,1,-,True_OF_PT76B,-,-,,B13,PT76A,1,-,True_OF_PT76B,-,-
B14,PT49B,1,-,Comp_OF_PT49A,-,-,,B14,PT49B,1,-,Comp_OF_PT49A,-,-,,B14,PT76B,1,-,Comp_OF_PT76A,-,-,,B14,PT76B,1,-,Comp_OF_PT76A,-,-
B15,GND,-,-,-,-,-,,B15,GND,-,-,-,-,-,,B15,GND,-,-,-,-,-,,B15,GND,-,-,-,-,-
B16,PT56A,1,-,True_OF_PT56B,-,-,,B16,PT56A,1,-,True_OF_PT56B,-,-,,B16,PT83A,1,-,True_OF_PT83B,-,-,,B16,PT83A,1,-,True_OF_PT83B,-,-
B17,PT60A,1,-,True_OF_PT60B,-,-,,B17,PT60A,1,-,True_OF_PT60B,-,-,,B17,PT96A,1,-,True_OF_PT96B,-,-,,B17,PT96A,1,-,True_OF_PT96B,-,-
B18,GND,-,-,-,-,-,,B18,GND,-,-,-,-,-,,B18,GND,-,-,-,-,-,,B18,GND,-,-,-,-,-
B19,PT69B,1,-,Comp_OF_PT69A,-,-,,B19,PT69B,1,-,Comp_OF_PT69A,-,-,,B19,PT105B,1,-,Comp_OF_PT105A,-,-,,B19,PT105B,1,-,Comp_OF_PT105A,-,-
B21,PT76A,1,-,True_OF_PT76B,-,-,,B21,PT76A,1,-,True_OF_PT76B,-,-,,B21,PT112A,1,-,True_OF_PT112B,-,-,,B21,PT112A,1,-,True_OF_PT112B,-,-
B22,GND,-,-,-,-,-,,B22,GND,-,-,-,-,-,,B22,GND,-,-,-,-,-,,B22,GND,-,-,-,-,-
B23,PT83B,1,-,Comp_OF_PT83A,-,-,,B23,PT83B,1,-,Comp_OF_PT83A,-,-,,B23,PT119B,1,-,Comp_OF_PT119A,-,-,,B23,PT119B,1,-,Comp_OF_PT119A,-,-
B24,PR14D,2,-,Comp_OF_PR14C,-,RDQ17,,B24,PR14D,2,-,Comp_OF_PR14C,-,RDQ17,,B24,PR14D,2,-,Comp_OF_PR14C,-,RDQ17,,B24,PR14D,2,-,Comp_OF_PR14C,-,RDQ17
B25,GND,-,-,-,-,-,,B25,GND,-,-,-,-,-,,B25,GND,-,-,-,-,-,,B25,GND,-,-,-,-,-
B26,PR14C,2,-,True_OF_PR14D,-,RDQ17,,B26,PR14C,2,-,True_OF_PR14D,-,RDQ17,,B26,PR14C,2,-,True_OF_PR14D,-,RDQ17,,B26,PR14C,2,-,True_OF_PR14D,-,RDQ17
C1,PL11B,7,ULC_GPLL0C_IN,Comp_OF_PL11A,TRUE,LDQ17,,C1,PL11B,7,ULC_GPLL0C_IN,Comp_OF_PL11A,TRUE,LDQ17,,C1,PL11B,7,ULC_GPLL0C_IN,Comp_OF_PL11A,TRUE,LDQ17,,C1,PL11B,7,ULC_GPLL0C_IN,Comp_OF_PL11A,TRUE,LDQ17
C2,PL11A,7,ULC_GPLL0T_IN,True_OF_PL11B,TRUE,LDQ17,,C2,PL11A,7,ULC_GPLL0T_IN,True_OF_PL11B,TRUE,LDQ17,,C2,PL11A,7,ULC_GPLL0T_IN,True_OF_PL11B,TRUE,LDQ17,,C2,PL11A,7,ULC_GPLL0T_IN,True_OF_PL11B,TRUE,LDQ17
C3,PL11D,7,-,Comp_OF_PL11C,-,LDQ17,,C3,PL11D,7,-,Comp_OF_PL11C,-,LDQ17,,C3,PL11D,7,-,Comp_OF_PL11C,-,LDQ17,,C3,PL11D,7,-,Comp_OF_PL11C,-,LDQ17
C4,PL11C,7,-,True_OF_PL11D,-,LDQ17,,C4,PL11C,7,-,True_OF_PL11D,-,LDQ17,,C4,PL11C,7,-,True_OF_PL11D,-,LDQ17,,C4,PL11C,7,-,True_OF_PL11D,-,LDQ17
C5,PT9B,0,-,Comp_OF_PT9A,-,-,,C5,PT9B,0,-,Comp_OF_PT9A,-,-,,C5,PT9B,0,-,Comp_OF_PT9A,-,-,,C5,PT9B,0,-,Comp_OF_PT9A,-,-
C6,PT13A,0,-,True_OF_PT13B,-,-,,C6,PT13A,0,-,True_OF_PT13B,-,-,,C6,PT13A,0,-,True_OF_PT13B,-,-,,C6,PT13A,0,-,True_OF_PT13B,-,-
C8,PT20B,0,-,Comp_OF_PT20A,-,-,,C8,PT20B,0,-,Comp_OF_PT20A,-,-,,C8,PT20B,0,-,Comp_OF_PT20A,-,-,,C8,PT20B,0,-,Comp_OF_PT20A,-,-
C9,PT24B,0,-,Comp_OF_PT24A,-,-,,C9,PT24B,0,-,Comp_OF_PT24A,-,-,,C9,PT51B,0,-,Comp_OF_PT51A,-,-,,C9,PT51B,0,-,Comp_OF_PT51A,-,-
C10,PT29A,0,-,True_OF_PT29B,-,-,,C10,PT29A,0,-,True_OF_PT29B,-,-,,C10,PT56A,0,-,True_OF_PT56B,-,-,,C10,PT56A,0,-,True_OF_PT56B,-,-
C11,PT33A,0,GR_PCLK0_1,True_OF_PT33B,-,-,,C11,PT33A,0,GR_PCLK0_1,True_OF_PT33B,-,-,,C11,PT60A,0,GR_PCLK0_1,True_OF_PT60B,-,-,,C11,PT60A,0,GR_PCLK0_1,True_OF_PT60B,-,-
C12,NC,-,-,-,-,-,,C12,NC,-,-,-,-,-,,C12,NC,-,-,-,-,-,,C12,NC,-,-,-,-,-
C13,PT47A,1,GR_PCLK1_0,True_OF_PT47B,-,-,,C13,PT47A,1,GR_PCLK1_0,True_OF_PT47B,-,-,,C13,PT74A,1,GR_PCLK1_0,True_OF_PT74B,-,-,,C13,PT74A,1,GR_PCLK1_0,True_OF_PT74B,-,-
C14,PT47B,1,GR_PCLK1_1,Comp_OF_PT47A,-,-,,C14,PT47B,1,GR_PCLK1_1,Comp_OF_PT47A,-,-,,C14,PT74B,1,GR_PCLK1_1,Comp_OF_PT74A,-,-,,C14,PT74B,1,GR_PCLK1_1,Comp_OF_PT74A,-,-
C15,NC,-,-,-,-,-,,C15,NC,-,-,-,-,-,,C15,NC,-,-,-,-,-,,C15,NC,-,-,-,-,-
C16,PT56B,1,-,Comp_OF_PT56A,-,-,,C16,PT56B,1,-,Comp_OF_PT56A,-,-,,C16,PT83B,1,-,Comp_OF_PT83A,-,-,,C16,PT83B,1,-,Comp_OF_PT83A,-,-
C17,PT60B,1,-,Comp_OF_PT60A,-,-,,C17,PT60B,1,-,Comp_OF_PT60A,-,-,,C17,PT96B,1,-,Comp_OF_PT96A,-,-,,C17,PT96B,1,-,Comp_OF_PT96A,-,-
C18,PT65A,1,-,True_OF_PT65B,-,-,,C18,PT65A,1,-,True_OF_PT65B,-,-,,C18,PT101A,1,-,True_OF_PT101B,-,-,,C18,PT101A,1,-,True_OF_PT101B,-,-
C19,PT69A,1,-,True_OF_PT69B,-,-,,C19,PT69A,1,-,True_OF_PT69B,-,-,,C19,PT105A,1,-,True_OF_PT105B,-,-,,C19,PT105A,1,-,True_OF_PT105B,-,-
C21,PT76B,1,-,Comp_OF_PT76A,-,-,,C21,PT76B,1,-,Comp_OF_PT76A,-,-,,C21,PT112B,1,-,Comp_OF_PT112A,-,-,,C21,PT112B,1,-,Comp_OF_PT112A,-,-
C22,PT80A,1,-,True_OF_PT80B,-,-,,C22,PT80A,1,-,True_OF_PT80B,-,-,,C22,PT116A,1,-,True_OF_PT116B,-,-,,C22,PT116A,1,-,True_OF_PT116B,-,-
C23,PR11C,2,-,True_OF_PR11D,-,RDQ17,,C23,PR11C,2,-,True_OF_PR11D,-,RDQ17,,C23,PR11C,2,-,True_OF_PR11D,-,RDQ17,,C23,PR11C,2,-,True_OF_PR11D,-,RDQ17
C24,PR11D,2,-,Comp_OF_PR11C,-,RDQ17,,C24,PR11D,2,-,Comp_OF_PR11C,-,RDQ17,,C24,PR11D,2,-,Comp_OF_PR11C,-,RDQ17,,C24,PR11D,2,-,Comp_OF_PR11C,-,RDQ17
C25,PR11A,2,URC_GPLL0T_IN,True_OF_PR11B,TRUE,RDQ17,,C25,PR11A,2,URC_GPLL0T_IN,True_OF_PR11B,TRUE,RDQ17,,C25,PR11A,2,URC_GPLL0T_IN,True_OF_PR11B,TRUE,RDQ17,,C25,PR11A,2,URC_GPLL0T_IN,True_OF_PR11B,TRUE,RDQ17
C26,PR11B,2,URC_GPLL0C_IN,Comp_OF_PR11A,TRUE,RDQ17,,C26,PR11B,2,URC_GPLL0C_IN,Comp_OF_PR11A,TRUE,RDQ17,,C26,PR11B,2,URC_GPLL0C_IN,Comp_OF_PR11A,TRUE,RDQ17,,C26,PR11B,2,URC_GPLL0C_IN,Comp_OF_PR11A,TRUE,RDQ17
D1,PL17D,7,-,Comp_OF_PL17C,-,LDQ17,,D1,PL17D,7,-,Comp_OF_PL17C,-,LDQ17,,D1,PL17D,7,-,Comp_OF_PL17C,-,LDQ17,,D1,PL17D,7,-,Comp_OF_PL17C,-,LDQ17
D2,PL17A,7,-,True_OF_PL17B,TRUE,LDQS17,,D2,PL17A,7,-,True_OF_PL17B,TRUE,LDQS17,,D2,PL17A,7,-,True_OF_PL17B,TRUE,LDQS17,,D2,PL17A,7,-,True_OF_PL17B,TRUE,LDQS17
D3,PL14B,7,-,Comp_OF_PL14A,TRUE,LDQ17,,D3,PL14B,7,-,Comp_OF_PL14A,TRUE,LDQ17,,D3,PL14B,7,-,Comp_OF_PL14A,TRUE,LDQ17,,D3,PL14B,7,-,Comp_OF_PL14A,TRUE,LDQ17
D4,PL14A,7,-,True_OF_PL14B,TRUE,LDQ17,,D4,PL14A,7,-,True_OF_PL14B,TRUE,LDQ17,,D4,PL14A,7,-,True_OF_PL14B,TRUE,LDQ17,,D4,PL14A,7,-,True_OF_PL14B,TRUE,LDQ17
D5,PT9A,0,-,True_OF_PT9B,-,-,,D5,PT9A,0,-,True_OF_PT9B,-,-,,D5,PT9A,0,-,True_OF_PT9B,-,-,,D5,PT9A,0,-,True_OF_PT9B,-,-
D6,PT11B,0,-,Comp_OF_PT11A,-,-,,D6,PT11B,0,-,Comp_OF_PT11A,-,-,,D6,PT11B,0,-,Comp_OF_PT11A,-,-,,D6,PT11B,0,-,Comp_OF_PT11A,-,-
D8,PT22B,0,-,Comp_OF_PT22A,-,-,,D8,PT22B,0,-,Comp_OF_PT22A,-,-,,D8,PT49B,0,-,Comp_OF_PT49A,-,-,,D8,PT49B,0,-,Comp_OF_PT49A,-,-
D9,PT24A,0,-,True_OF_PT24B,-,-,,D9,PT24A,0,-,True_OF_PT24B,-,-,,D9,PT51A,0,-,True_OF_PT51B,-,-,,D9,PT51A,0,-,True_OF_PT51B,-,-
D10,PT27B,0,-,Comp_OF_PT27A,-,-,,D10,PT27B,0,-,Comp_OF_PT27A,-,-,,D10,PT54B,0,-,Comp_OF_PT54A,-,-,,D10,PT54B,0,-,Comp_OF_PT54A,-,-
D11,PT36B,0,PCLKC0_1,Comp_OF_PT36A,-,-,,D11,PT36B,0,PCLKC0_1,Comp_OF_PT36A,-,-,,D11,PT63B,0,PCLKC0_1,Comp_OF_PT63A,-,-,,D11,PT63B,0,PCLKC0_1,Comp_OF_PT63A,-,-
D12,NC,-,-,-,-,-,,D12,NC,-,-,-,-,-,,D12,NC,-,-,-,-,-,,D12,NC,-,-,-,-,-
D13,PT44A,1,PCLKT1_0,True_OF_PT44B,-,-,,D13,PT44A,1,PCLKT1_0,True_OF_PT44B,-,-,,D13,PT71A,1,PCLKT1_0,True_OF_PT71B,-,-,,D13,PT71A,1,PCLKT1_0,True_OF_PT71B,-,-
D14,PT44B,1,PCLKC1_0,Comp_OF_PT44A,-,-,,D14,PT44B,1,PCLKC1_0,Comp_OF_PT44A,-,-,,D14,PT71B,1,PCLKC1_0,Comp_OF_PT71A,-,-,,D14,PT71B,1,PCLKC1_0,Comp_OF_PT71A,-,-
D15,NC,-,-,-,-,-,,D15,NC,-,-,-,-,-,,D15,NC,-,-,-,-,-,,D15,NC,-,-,-,-,-
D16,PT53A,1,-,True_OF_PT53B,-,-,,D16,PT53A,1,-,True_OF_PT53B,-,-,,D16,PT80A,1,-,True_OF_PT80B,-,-,,D16,PT80A,1,-,True_OF_PT80B,-,-
D17,PT62A,1,-,True_OF_PT62B,-,-,,D17,PT62A,1,-,True_OF_PT62B,-,-,,D17,PT98A,1,-,True_OF_PT98B,-,-,,D17,PT98A,1,-,True_OF_PT98B,-,-
D18,PT65B,1,-,Comp_OF_PT65A,-,-,,D18,PT65B,1,-,Comp_OF_PT65A,-,-,,D18,PT101B,1,-,Comp_OF_PT101A,-,-,,D18,PT101B,1,-,Comp_OF_PT101A,-,-
D19,PT67B,1,-,Comp_OF_PT67A,-,-,,D19,PT67B,1,-,Comp_OF_PT67A,-,-,,D19,PT103B,1,-,Comp_OF_PT103A,-,-,,D19,PT103B,1,-,Comp_OF_PT103A,-,-
D21,PT78A,1,-,True_OF_PT78B,-,-,,D21,PT78A,1,-,True_OF_PT78B,-,-,,D21,PT114A,1,-,True_OF_PT114B,-,-,,D21,PT114A,1,-,True_OF_PT114B,-,-
D22,PT80B,1,-,Comp_OF_PT80A,-,-,,D22,PT80B,1,-,Comp_OF_PT80A,-,-,,D22,PT116B,1,-,Comp_OF_PT116A,-,-,,D22,PT116B,1,-,Comp_OF_PT116A,-,-
D23,PR14A,2,-,True_OF_PR14B,TRUE,RDQ17,,D23,PR14A,2,-,True_OF_PR14B,TRUE,RDQ17,,D23,PR14A,2,-,True_OF_PR14B,TRUE,RDQ17,,D23,PR14A,2,-,True_OF_PR14B,TRUE,RDQ17
D24,PR14B,2,-,Comp_OF_PR14A,TRUE,RDQ17,,D24,PR14B,2,-,Comp_OF_PR14A,TRUE,RDQ17,,D24,PR14B,2,-,Comp_OF_PR14A,TRUE,RDQ17,,D24,PR14B,2,-,Comp_OF_PR14A,TRUE,RDQ17
D25,PR17A,2,-,True_OF_PR17B,TRUE,RDQS17,,D25,PR17A,2,-,True_OF_PR17B,TRUE,RDQS17,,D25,PR17A,2,-,True_OF_PR17B,TRUE,RDQS17,,D25,PR17A,2,-,True_OF_PR17B,TRUE,RDQS17
D26,PR17D,2,-,Comp_OF_PR17C,-,RDQ17,,D26,PR17D,2,-,Comp_OF_PR17C,-,RDQ17,,D26,PR17D,2,-,Comp_OF_PR17C,-,RDQ17,,D26,PR17D,2,-,Comp_OF_PR17C,-,RDQ17
E1,PL17B,7,-,Comp_OF_PL17A,TRUE,LDQSN17,,E1,PL17B,7,-,Comp_OF_PL17A,TRUE,LDQSN17,,E1,PL17B,7,-,Comp_OF_PL17A,TRUE,LDQSN17,,E1,PL17B,7,-,Comp_OF_PL17A,TRUE,LDQSN17
E2,GND,-,-,-,-,-,,E2,GND,-,-,-,-,-,,E2,GND,-,-,-,-,-,,E2,GND,-,-,-,-,-
E3,PL17C,7,-,True_OF_PL17D,-,LDQ17,,E3,PL17C,7,-,True_OF_PL17D,-,LDQ17,,E3,PL17C,7,-,True_OF_PL17D,-,LDQ17,,E3,PL17C,7,-,True_OF_PL17D,-,LDQ17
E4,PL20C,7,-,True_OF_PL20D,-,LDQ17,,E4,PL20C,7,-,True_OF_PL20D,-,LDQ17,,E4,PL20C,7,-,True_OF_PL20D,-,LDQ17,,E4,PL20C,7,-,True_OF_PL20D,-,LDQ17
E5,GND,-,-,-,-,-,,E5,GND,-,-,-,-,-,,E5,GND,-,-,-,-,-,,E5,GND,-,-,-,-,-
E6,PT11A,0,-,True_OF_PT11B,-,-,,E6,PT11A,0,-,True_OF_PT11B,-,-,,E6,PT11A,0,-,True_OF_PT11B,-,-,,E6,PT11A,0,-,True_OF_PT11B,-,-
E8,PT22A,0,-,True_OF_PT22B,-,-,,E8,PT22A,0,-,True_OF_PT22B,-,-,,E8,PT49A,0,-,True_OF_PT49B,-,-,,E8,PT49A,0,-,True_OF_PT49B,-,-
E9,GND,-,-,-,-,-,,E9,GND,-,-,-,-,-,,E9,GND,-,-,-,-,-,,E9,GND,-,-,-,-,-
E10,PT27A,0,-,True_OF_PT27B,-,-,,E10,PT27A,0,-,True_OF_PT27B,-,-,,E10,PT54A,0,-,True_OF_PT54B,-,-,,E10,PT54A,0,-,True_OF_PT54B,-,-
E11,PT36A,0,PCLKT0_1,True_OF_PT36B,-,-,,E11,PT36A,0,PCLKT0_1,True_OF_PT36B,-,-,,E11,PT63A,0,PCLKT0_1,True_OF_PT63B,-,-,,E11,PT63A,0,PCLKT0_1,True_OF_PT63B,-,-
E12,GND,-,-,-,-,-,,E12,GND,-,-,-,-,-,,E12,GND,-,-,-,-,-,,E12,GND,-,-,-,-,-
E13,PT42A,1,PCLKT1_1,True_OF_PT42B,-,-,,E13,PT42A,1,PCLKT1_1,True_OF_PT42B,-,-,,E13,PT69A,1,PCLKT1_1,True_OF_PT69B,-,-,,E13,PT69A,1,PCLKT1_1,True_OF_PT69B,-,-
E14,PT42B,1,PCLKC1_1,Comp_OF_PT42A,-,-,,E14,PT42B,1,PCLKC1_1,Comp_OF_PT42A,-,-,,E14,PT69B,1,PCLKC1_1,Comp_OF_PT69A,-,-,,E14,PT69B,1,PCLKC1_1,Comp_OF_PT69A,-,-
E15,GND,-,-,-,-,-,,E15,GND,-,-,-,-,-,,E15,GND,-,-,-,-,-,,E15,GND,-,-,-,-,-
E16,PT53B,1,-,Comp_OF_PT53A,-,-,,E16,PT53B,1,-,Comp_OF_PT53A,-,-,,E16,PT80B,1,-,Comp_OF_PT80A,-,-,,E16,PT80B,1,-,Comp_OF_PT80A,-,-
E17,PT62B,1,-,Comp_OF_PT62A,-,-,,E17,PT62B,1,-,Comp_OF_PT62A,-,-,,E17,PT98B,1,-,Comp_OF_PT98A,-,-,,E17,PT98B,1,-,Comp_OF_PT98A,-,-
E18,GND,-,-,-,-,-,,E18,GND,-,-,-,-,-,,E18,GND,-,-,-,-,-,,E18,GND,-,-,-,-,-
E19,PT67A,1,-,True_OF_PT67B,-,-,,E19,PT67A,1,-,True_OF_PT67B,-,-,,E19,PT103A,1,-,True_OF_PT103B,-,-,,E19,PT103A,1,-,True_OF_PT103B,-,-
E21,PT78B,1,-,Comp_OF_PT78A,-,-,,E21,PT78B,1,-,Comp_OF_PT78A,-,-,,E21,PT114B,1,-,Comp_OF_PT114A,-,-,,E21,PT114B,1,-,Comp_OF_PT114A,-,-
E22,GND,-,-,-,-,-,,E22,GND,-,-,-,-,-,,E22,GND,-,-,-,-,-,,E22,GND,-,-,-,-,-
E23,PR20C,2,-,True_OF_PR20D,-,RDQ17,,E23,PR20C,2,-,True_OF_PR20D,-,RDQ17,,E23,PR20C,2,-,True_OF_PR20D,-,RDQ17,,E23,PR20C,2,-,True_OF_PR20D,-,RDQ17
E24,PR17C,2,-,True_OF_PR17D,-,RDQ17,,E24,PR17C,2,-,True_OF_PR17D,-,RDQ17,,E24,PR17C,2,-,True_OF_PR17D,-,RDQ17,,E24,PR17C,2,-,True_OF_PR17D,-,RDQ17
E25,GND,-,-,-,-,-,,E25,GND,-,-,-,-,-,,E25,GND,-,-,-,-,-,,E25,GND,-,-,-,-,-
E26,PR17B,2,-,Comp_OF_PR17A,TRUE,RDQSN17,,E26,PR17B,2,-,Comp_OF_PR17A,TRUE,RDQSN17,,E26,PR17B,2,-,Comp_OF_PR17A,TRUE,RDQSN17,,E26,PR17B,2,-,Comp_OF_PR17A,TRUE,RDQSN17
F1,PL20B,7,-,Comp_OF_PL20A,TRUE,LDQ17,,F1,PL20B,7,-,Comp_OF_PL20A,TRUE,LDQ17,,F1,PL20B,7,-,Comp_OF_PL20A,TRUE,LDQ17,,F1,PL20B,7,-,Comp_OF_PL20A,TRUE,LDQ17
F2,PL20A,7,-,True_OF_PL20B,TRUE,LDQ17,,F2,PL20A,7,-,True_OF_PL20B,TRUE,LDQ17,,F2,PL20A,7,-,True_OF_PL20B,TRUE,LDQ17,,F2,PL20A,7,-,True_OF_PL20B,TRUE,LDQ17
F3,PL20D,7,-,Comp_OF_PL20C,-,LDQ17,,F3,PL20D,7,-,Comp_OF_PL20C,-,LDQ17,,F3,PL20D,7,-,Comp_OF_PL20C,-,LDQ17,,F3,PL20D,7,-,Comp_OF_PL20C,-,LDQ17
F4,PL23B,7,-,Comp_OF_PL23A,TRUE,LDQ29,,F4,PL23B,7,-,Comp_OF_PL23A,TRUE,LDQ29,,F4,PL35B,7,-,Comp_OF_PL35A,TRUE,LDQ41,,F4,PL35B,7,-,Comp_OF_PL35A,TRUE,LDQ41
F5,PL23A,7,-,True_OF_PL23B,TRUE,LDQ29,,F5,PL23A,7,-,True_OF_PL23B,TRUE,LDQ29,,F5,PL35A,7,-,True_OF_PL35B,TRUE,LDQ41,,F5,PL35A,7,-,True_OF_PL35B,TRUE,LDQ41
F8,NC,-,-,-,-,-,,F8,NC,-,-,-,-,-,,F8,NC,-,-,-,-,-,,F8,NC,-,-,-,-,-
F9,NC,-,-,-,-,-,,F9,NC,-,-,-,-,-,,F9,NC,-,-,-,-,-,,F9,NC,-,-,-,-,-
F10,NC,-,-,-,-,-,,F10,NC,-,-,-,-,-,,F10,NC,-,-,-,-,-,,F10,NC,-,-,-,-,-
F12,NC,-,-,-,-,-,,F12,NC,-,-,-,-,-,,F12,NC,-,-,-,-,-,,F12,NC,-,-,-,-,-
F13,NC,-,-,-,-,-,,F13,NC,-,-,-,-,-,,F13,NC,-,-,-,-,-,,F13,NC,-,-,-,-,-
F14,NC,-,-,-,-,-,,F14,NC,-,-,-,-,-,,F14,NC,-,-,-,-,-,,F14,NC,-,-,-,-,-
F15,NC,-,-,-,-,-,,F15,NC,-,-,-,-,-,,F15,NC,-,-,-,-,-,,F15,NC,-,-,-,-,-
F17,NC,-,-,-,-,-,,F17,NC,-,-,-,-,-,,F17,NC,-,-,-,-,-,,F17,NC,-,-,-,-,-
F18,NC,-,-,-,-,-,,F18,NC,-,-,-,-,-,,F18,NC,-,-,-,-,-,,F18,NC,-,-,-,-,-
F19,NC,-,-,-,-,-,,F19,NC,-,-,-,-,-,,F19,NC,-,-,-,-,-,,F19,NC,-,-,-,-,-
F22,PR23A,2,-,True_OF_PR23B,TRUE,RDQ29,,F22,PR23A,2,-,True_OF_PR23B,TRUE,RDQ29,,F22,PR35A,2,-,True_OF_PR35B,TRUE,RDQ41,,F22,PR35A,2,-,True_OF_PR35B,TRUE,RDQ41
F23,PR23B,2,-,Comp_OF_PR23A,TRUE,RDQ29,,F23,PR23B,2,-,Comp_OF_PR23A,TRUE,RDQ29,,F23,PR35B,2,-,Comp_OF_PR35A,TRUE,RDQ41,,F23,PR35B,2,-,Comp_OF_PR35A,TRUE,RDQ41
F24,PR20D,2,-,Comp_OF_PR20C,-,RDQ17,,F24,PR20D,2,-,Comp_OF_PR20C,-,RDQ17,,F24,PR20D,2,-,Comp_OF_PR20C,-,RDQ17,,F24,PR20D,2,-,Comp_OF_PR20C,-,RDQ17
F25,PR20A,2,-,True_OF_PR20B,TRUE,RDQ17,,F25,PR20A,2,-,True_OF_PR20B,TRUE,RDQ17,,F25,PR20A,2,-,True_OF_PR20B,TRUE,RDQ17,,F25,PR20A,2,-,True_OF_PR20B,TRUE,RDQ17
F26,PR20B,2,-,Comp_OF_PR20A,TRUE,RDQ17,,F26,PR20B,2,-,Comp_OF_PR20A,TRUE,RDQ17,,F26,PR20B,2,-,Comp_OF_PR20A,TRUE,RDQ17,,F26,PR20B,2,-,Comp_OF_PR20A,TRUE,RDQ17
H1,PL35D,6,PCLKC6_0,Comp_OF_PL35C,-,LDQ41,,H1,PL35D,6,PCLKC6_0,Comp_OF_PL35C,-,LDQ41,,H1,PL47D,6,PCLKC6_0,Comp_OF_PL47C,-,LDQ53,,H1,PL47D,6,PCLKC6_0,Comp_OF_PL47C,-,LDQ53
H2,PL35C,6,PCLKT6_0,True_OF_PL35D,-,LDQ41,,H2,PL35C,6,PCLKT6_0,True_OF_PL35D,-,LDQ41,,H2,PL47C,6,PCLKT6_0,True_OF_PL47D,-,LDQ53,,H2,PL47C,6,PCLKT6_0,True_OF_PL47D,-,LDQ53
H3,PL35A,6,PCLKT6_1,True_OF_PL35B,TRUE,LDQ41,,H3,PL35A,6,PCLKT6_1,True_OF_PL35B,TRUE,LDQ41,,H3,PL47A,6,PCLKT6_1,True_OF_PL47B,TRUE,LDQ53,,H3,PL47A,6,PCLKT6_1,True_OF_PL47B,TRUE,LDQ53
H4,PL26C,7,-,True_OF_PL26D,-,LDQ29,,H4,PL26C,7,-,True_OF_PL26D,-,LDQ29,,H4,PL38C,7,-,True_OF_PL38D,-,LDQ41,,H4,PL38C,7,-,True_OF_PL38D,-,LDQ41
H5,PL23C,7,VREF1_7,True_OF_PL23D,-,LDQ29,,H5,PL23C,7,VREF1_7,True_OF_PL23D,-,LDQ29,,H5,PL35C,7,VREF1_7,True_OF_PL35D,-,LDQ41,,H5,PL35C,7,VREF1_7,True_OF_PL35D,-,LDQ41
H6,PL23D,7,-,Comp_OF_PL23C,-,LDQ29,,H6,PL23D,7,-,Comp_OF_PL23C,-,LDQ29,,H6,PL35D,7,-,Comp_OF_PL35C,-,LDQ41,,H6,PL35D,7,-,Comp_OF_PL35C,-,LDQ41
H8,GND,-,-,-,-,-,,H8,GND,-,-,-,-,-,,H8,GND,-,-,-,-,-,,H8,GND,-,-,-,-,-
H9,GND,-,-,-,-,-,,H9,GND,-,-,-,-,-,,H9,GND,-,-,-,-,-,,H9,GND,-,-,-,-,-
H10,VCCIO0,0,-,-,-,-,,H10,VCCIO0,0,-,-,-,-,,H10,VCCIO0,0,-,-,-,-,,H10,VCCIO0,0,-,-,-,-
H11,VCCAUX,-,-,-,-,-,,H11,VCCAUX,-,-,-,-,-,,H11,VCCAUX,-,-,-,-,-,,H11,VCCAUX,-,-,-,-,-
H12,VCCIO0,0,-,-,-,-,,H12,VCCIO0,0,-,-,-,-,,H12,VCCIO0,0,-,-,-,-,,H12,VCCIO0,0,-,-,-,-
H13,VCCIO0,0,-,-,-,-,,H13,VCCIO0,0,-,-,-,-,,H13,VCCIO0,0,-,-,-,-,,H13,VCCIO0,0,-,-,-,-
H14,VCCAUX,-,-,-,-,-,,H14,VCCAUX,-,-,-,-,-,,H14,VCCAUX,-,-,-,-,-,,H14,VCCAUX,-,-,-,-,-
H15,VCCIO1,1,-,-,-,-,,H15,VCCIO1,1,-,-,-,-,,H15,VCCIO1,1,-,-,-,-,,H15,VCCIO1,1,-,-,-,-
H16,VCCIO1,1,-,-,-,-,,H16,VCCIO1,1,-,-,-,-,,H16,VCCIO1,1,-,-,-,-,,H16,VCCIO1,1,-,-,-,-
H17,VCCAUX,-,-,-,-,-,,H17,VCCAUX,-,-,-,-,-,,H17,VCCAUX,-,-,-,-,-,,H17,VCCAUX,-,-,-,-,-
H18,VCCIO1,1,-,-,-,-,,H18,VCCIO1,1,-,-,-,-,,H18,VCCIO1,1,-,-,-,-,,H18,VCCIO1,1,-,-,-,-
H19,GND,-,-,-,-,-,,H19,GND,-,-,-,-,-,,H19,GND,-,-,-,-,-,,H19,GND,-,-,-,-,-
H21,PR23D,2,-,Comp_OF_PR23C,-,RDQ29,,H21,PR23D,2,-,Comp_OF_PR23C,-,RDQ29,,H21,PR35D,2,-,Comp_OF_PR35C,-,RDQ41,,H21,PR35D,2,-,Comp_OF_PR35C,-,RDQ41
H22,PR23C,2,VREF1_2,True_OF_PR23D,-,RDQ29,,H22,PR23C,2,VREF1_2,True_OF_PR23D,-,RDQ29,,H22,PR35C,2,VREF1_2,True_OF_PR35D,-,RDQ41,,H22,PR35C,2,VREF1_2,True_OF_PR35D,-,RDQ41
H23,PR26C,2,-,True_OF_PR26D,-,RDQ29,,H23,PR26C,2,-,True_OF_PR26D,-,RDQ29,,H23,PR38C,2,-,True_OF_PR38D,-,RDQ41,,H23,PR38C,2,-,True_OF_PR38D,-,RDQ41
H24,PR35A,3,PCLKT3_1,True_OF_PR35B,TRUE,RDQ41,,H24,PR35A,3,PCLKT3_1,True_OF_PR35B,TRUE,RDQ41,,H24,PR47A,3,PCLKT3_1,True_OF_PR47B,TRUE,RDQ53,,H24,PR47A,3,PCLKT3_1,True_OF_PR47B,TRUE,RDQ53
H25,PR35C,3,PCLKT3_0,True_OF_PR35D,-,RDQ41,,H25,PR35C,3,PCLKT3_0,True_OF_PR35D,-,RDQ41,,H25,PR47C,3,PCLKT3_0,True_OF_PR47D,-,RDQ53,,H25,PR47C,3,PCLKT3_0,True_OF_PR47D,-,RDQ53
H26,PR35D,3,PCLKC3_0,Comp_OF_PR35C,-,RDQ41,,H26,PR35D,3,PCLKC3_0,Comp_OF_PR35C,-,RDQ41,,H26,PR47D,3,PCLKC3_0,Comp_OF_PR47C,-,RDQ53,,H26,PR47D,3,PCLKC3_0,Comp_OF_PR47C,-,RDQ53
J1,PL38B,6,-,Comp_OF_PL38A,TRUE,LDQ41,,J1,PL38B,6,-,Comp_OF_PL38A,TRUE,LDQ41,,J1,PL50B,6,-,Comp_OF_PL50A,TRUE,LDQ53,,J1,PL50B,6,-,Comp_OF_PL50A,TRUE,LDQ53
J2,GND,-,-,-,-,-,,J2,GND,-,-,-,-,-,,J2,GND,-,-,-,-,-,,J2,GND,-,-,-,-,-
J3,PL35B,6,PCLKC6_1,Comp_OF_PL35A,TRUE,LDQ41,,J3,PL35B,6,PCLKC6_1,Comp_OF_PL35A,TRUE,LDQ41,,J3,PL47B,6,PCLKC6_1,Comp_OF_PL47A,TRUE,LDQ53,,J3,PL47B,6,PCLKC6_1,Comp_OF_PL47A,TRUE,LDQ53
J4,PL29B,7,-,Comp_OF_PL29A,TRUE,LDQSN29,,J4,PL29B,7,-,Comp_OF_PL29A,TRUE,LDQSN29,,J4,PL41B,7,-,Comp_OF_PL41A,TRUE,LDQSN41,,J4,PL41B,7,-,Comp_OF_PL41A,TRUE,LDQSN41
J5,GND,-,-,-,-,-,,J5,GND,-,-,-,-,-,,J5,GND,-,-,-,-,-,,J5,GND,-,-,-,-,-
J6,PL26A,7,-,True_OF_PL26B,TRUE,LDQ29,,J6,PL26A,7,-,True_OF_PL26B,TRUE,LDQ29,,J6,PL38A,7,-,True_OF_PL38B,TRUE,LDQ41,,J6,PL38A,7,-,True_OF_PL38B,TRUE,LDQ41
J8,GND,-,-,-,-,-,,J8,GND,-,-,-,-,-,,J8,GND,-,-,-,-,-,,J8,GND,-,-,-,-,-
J9,GND,-,-,-,-,-,,J9,GND,-,-,-,-,-,,J9,GND,-,-,-,-,-,,J9,GND,-,-,-,-,-
J10,GND,-,-,-,-,-,,J10,GND,-,-,-,-,-,,J10,GND,-,-,-,-,-,,J10,GND,-,-,-,-,-
J11,GND,-,-,-,-,-,,J11,GND,-,-,-,-,-,,J11,GND,-,-,-,-,-,,J11,GND,-,-,-,-,-
J12,GND,-,-,-,-,-,,J12,GND,-,-,-,-,-,,J12,GND,-,-,-,-,-,,J12,GND,-,-,-,-,-
J13,GND,-,-,-,-,-,,J13,GND,-,-,-,-,-,,J13,GND,-,-,-,-,-,,J13,GND,-,-,-,-,-
J14,GND,-,-,-,-,-,,J14,GND,-,-,-,-,-,,J14,GND,-,-,-,-,-,,J14,GND,-,-,-,-,-
J15,GND,-,-,-,-,-,,J15,GND,-,-,-,-,-,,J15,GND,-,-,-,-,-,,J15,GND,-,-,-,-,-
J16,GND,-,-,-,-,-,,J16,GND,-,-,-,-,-,,J16,GND,-,-,-,-,-,,J16,GND,-,-,-,-,-
J17,GND,-,-,-,-,-,,J17,GND,-,-,-,-,-,,J17,GND,-,-,-,-,-,,J17,GND,-,-,-,-,-
J18,GND,-,-,-,-,-,,J18,GND,-,-,-,-,-,,J18,GND,-,-,-,-,-,,J18,GND,-,-,-,-,-
J19,VCCIO2,2,-,-,-,-,,J19,VCCIO2,2,-,-,-,-,,J19,VCCIO2,2,-,-,-,-,,J19,VCCIO2,2,-,-,-,-
J21,PR26A,2,-,True_OF_PR26B,TRUE,RDQ29,,J21,PR26A,2,-,True_OF_PR26B,TRUE,RDQ29,,J21,PR38A,2,-,True_OF_PR38B,TRUE,RDQ41,,J21,PR38A,2,-,True_OF_PR38B,TRUE,RDQ41
J22,GND,-,-,-,-,-,,J22,GND,-,-,-,-,-,,J22,GND,-,-,-,-,-,,J22,GND,-,-,-,-,-
J23,PR29B,2,-,Comp_OF_PR29A,TRUE,RDQSN29,,J23,PR29B,2,-,Comp_OF_PR29A,TRUE,RDQSN29,,J23,PR41B,2,-,Comp_OF_PR41A,TRUE,RDQSN41,,J23,PR41B,2,-,Comp_OF_PR41A,TRUE,RDQSN41
J24,PR35B,3,PCLKC3_1,Comp_OF_PR35A,TRUE,RDQ41,,J24,PR35B,3,PCLKC3_1,Comp_OF_PR35A,TRUE,RDQ41,,J24,PR47B,3,PCLKC3_1,Comp_OF_PR47A,TRUE,RDQ53,,J24,PR47B,3,PCLKC3_1,Comp_OF_PR47A,TRUE,RDQ53
J25,GND,-,-,-,-,-,,J25,GND,-,-,-,-,-,,J25,GND,-,-,-,-,-,,J25,GND,-,-,-,-,-
J26,PR38B,3,-,Comp_OF_PR38A,TRUE,RDQ41,,J26,PR38B,3,-,Comp_OF_PR38A,TRUE,RDQ41,,J26,PR50B,3,-,Comp_OF_PR50A,TRUE,RDQ53,,J26,PR50B,3,-,Comp_OF_PR50A,TRUE,RDQ53
K1,PL41C,6,-,True_OF_PL41D,-,LDQ41,,K1,PL41C,6,-,True_OF_PL41D,-,LDQ41,,K1,PL53C,6,-,True_OF_PL53D,-,LDQ53,,K1,PL53C,6,-,True_OF_PL53D,-,LDQ53
K2,PL38A,6,GR_PCLK6_0,True_OF_PL38B,TRUE,LDQ41,,K2,PL38A,6,GR_PCLK6_0,True_OF_PL38B,TRUE,LDQ41,,K2,PL50A,6,GR_PCLK6_0,True_OF_PL50B,TRUE,LDQ53,,K2,PL50A,6,GR_PCLK6_0,True_OF_PL50B,TRUE,LDQ53
K3,PL38C,6,GR_PCLK6_1,True_OF_PL38D,-,LDQ41,,K3,PL38C,6,GR_PCLK6_1,True_OF_PL38D,-,LDQ41,,K3,PL50C,6,GR_PCLK6_1,True_OF_PL50D,-,LDQ53,,K3,PL50C,6,GR_PCLK6_1,True_OF_PL50D,-,LDQ53
K4,PL32A,7,PCLKT7_1,True_OF_PL32B,TRUE,LDQ29,,K4,PL32A,7,PCLKT7_1,True_OF_PL32B,TRUE,LDQ29,,K4,PL44A,7,PCLKT7_1,True_OF_PL44B,TRUE,LDQ41,,K4,PL44A,7,PCLKT7_1,True_OF_PL44B,TRUE,LDQ41
K5,PL29A,7,GR_PCLK7_1,True_OF_PL29B,TRUE,LDQS29,,K5,PL29A,7,GR_PCLK7_1,True_OF_PL29B,TRUE,LDQS29,,K5,PL41A,7,GR_PCLK7_1,True_OF_PL41B,TRUE,LDQS41,,K5,PL41A,7,GR_PCLK7_1,True_OF_PL41B,TRUE,LDQS41
K6,PL26B,7,-,Comp_OF_PL26A,TRUE,LDQ29,,K6,PL26B,7,-,Comp_OF_PL26A,TRUE,LDQ29,,K6,PL38B,7,-,Comp_OF_PL38A,TRUE,LDQ41,,K6,PL38B,7,-,Comp_OF_PL38A,TRUE,LDQ41
K8,VCCIO7,7,-,-,-,-,,K8,VCCIO7,7,-,-,-,-,,K8,VCCIO7,7,-,-,-,-,,K8,VCCIO7,7,-,-,-,-
K9,GND,-,-,-,-,-,,K9,GND,-,-,-,-,-,,K9,GND,-,-,-,-,-,,K9,GND,-,-,-,-,-
K10,GND,-,-,-,-,-,,K10,GND,-,-,-,-,-,,K10,GND,-,-,-,-,-,,K10,GND,-,-,-,-,-
K11,VCC,-,-,-,-,-,,K11,VCC,-,-,-,-,-,,K11,VCC,-,-,-,-,-,,K11,VCC,-,-,-,-,-
K12,VCC,-,-,-,-,-,,K12,VCC,-,-,-,-,-,,K12,VCC,-,-,-,-,-,,K12,VCC,-,-,-,-,-
K13,VCC,-,-,-,-,-,,K13,VCC,-,-,-,-,-,,K13,VCC,-,-,-,-,-,,K13,VCC,-,-,-,-,-
K14,VCC,-,-,-,-,-,,K14,VCC,-,-,-,-,-,,K14,VCC,-,-,-,-,-,,K14,VCC,-,-,-,-,-
K15,VCC,-,-,-,-,-,,K15,VCC,-,-,-,-,-,,K15,VCC,-,-,-,-,-,,K15,VCC,-,-,-,-,-
K16,VCC,-,-,-,-,-,,K16,VCC,-,-,-,-,-,,K16,VCC,-,-,-,-,-,,K16,VCC,-,-,-,-,-
K17,GND,-,-,-,-,-,,K17,GND,-,-,-,-,-,,K17,GND,-,-,-,-,-,,K17,GND,-,-,-,-,-
K18,GND,-,-,-,-,-,,K18,GND,-,-,-,-,-,,K18,GND,-,-,-,-,-,,K18,GND,-,-,-,-,-
K19,VCCAUX,-,-,-,-,-,,K19,VCCAUX,-,-,-,-,-,,K19,VCCAUX,-,-,-,-,-,,K19,VCCAUX,-,-,-,-,-
K21,PR26B,2,-,Comp_OF_PR26A,TRUE,RDQ29,,K21,PR26B,2,-,Comp_OF_PR26A,TRUE,RDQ29,,K21,PR38B,2,-,Comp_OF_PR38A,TRUE,RDQ41,,K21,PR38B,2,-,Comp_OF_PR38A,TRUE,RDQ41
K22,PR29A,2,GR_PCLK2_1,True_OF_PR29B,TRUE,RDQS29,,K22,PR29A,2,GR_PCLK2_1,True_OF_PR29B,TRUE,RDQS29,,K22,PR41A,2,GR_PCLK2_1,True_OF_PR41B,TRUE,RDQS41,,K22,PR41A,2,GR_PCLK2_1,True_OF_PR41B,TRUE,RDQS41
K23,PR32A,2,PCLKT2_1,True_OF_PR32B,TRUE,RDQ29,,K23,PR32A,2,PCLKT2_1,True_OF_PR32B,TRUE,RDQ29,,K23,PR44A,2,PCLKT2_1,True_OF_PR44B,TRUE,RDQ41,,K23,PR44A,2,PCLKT2_1,True_OF_PR44B,TRUE,RDQ41
K24,PR38C,3,GR_PCLK3_1,True_OF_PR38D,-,RDQ41,,K24,PR38C,3,GR_PCLK3_1,True_OF_PR38D,-,RDQ41,,K24,PR50C,3,GR_PCLK3_1,True_OF_PR50D,-,RDQ53,,K24,PR50C,3,GR_PCLK3_1,True_OF_PR50D,-,RDQ53
K25,PR38A,3,GR_PCLK3_0,True_OF_PR38B,TRUE,RDQ41,,K25,PR38A,3,GR_PCLK3_0,True_OF_PR38B,TRUE,RDQ41,,K25,PR50A,3,GR_PCLK3_0,True_OF_PR50B,TRUE,RDQ53,,K25,PR50A,3,GR_PCLK3_0,True_OF_PR50B,TRUE,RDQ53
K26,PR41C,3,-,True_OF_PR41D,-,RDQ41,,K26,PR41C,3,-,True_OF_PR41D,-,RDQ41,,K26,PR53C,3,-,True_OF_PR53D,-,RDQ53,,K26,PR53C,3,-,True_OF_PR53D,-,RDQ53
L1,PL41D,6,-,Comp_OF_PL41C,-,LDQ41,,L1,PL41D,6,-,Comp_OF_PL41C,-,LDQ41,,L1,PL53D,6,-,Comp_OF_PL53C,-,LDQ53,,L1,PL53D,6,-,Comp_OF_PL53C,-,LDQ53
L2,PL41A,6,-,True_OF_PL41B,TRUE,LDQS41,,L2,PL41A,6,-,True_OF_PL41B,TRUE,LDQS41,,L2,PL53A,6,-,True_OF_PL53B,TRUE,LDQS53,,L2,PL53A,6,-,True_OF_PL53B,TRUE,LDQS53
L3,PL38D,6,-,Comp_OF_PL38C,-,LDQ41,,L3,PL38D,6,-,Comp_OF_PL38C,-,LDQ41,,L3,PL50D,6,-,Comp_OF_PL50C,-,LDQ53,,L3,PL50D,6,-,Comp_OF_PL50C,-,LDQ53
L4,PL32B,7,PCLKC7_1,Comp_OF_PL32A,TRUE,LDQ29,,L4,PL32B,7,PCLKC7_1,Comp_OF_PL32A,TRUE,LDQ29,,L4,PL44B,7,PCLKC7_1,Comp_OF_PL44A,TRUE,LDQ41,,L4,PL44B,7,PCLKC7_1,Comp_OF_PL44A,TRUE,LDQ41
L5,PL26D,7,-,Comp_OF_PL26C,-,LDQ29,,L5,PL26D,7,-,Comp_OF_PL26C,-,LDQ29,,L5,PL38D,7,-,Comp_OF_PL38C,-,LDQ41,,L5,PL38D,7,-,Comp_OF_PL38C,-,LDQ41
L8,VCCAUX,-,-,-,-,-,,L8,VCCAUX,-,-,-,-,-,,L8,VCCAUX,-,-,-,-,-,,L8,VCCAUX,-,-,-,-,-
L9,GND,-,-,-,-,-,,L9,GND,-,-,-,-,-,,L9,GND,-,-,-,-,-,,L9,GND,-,-,-,-,-
L10,VCC,-,-,-,-,-,,L10,VCC,-,-,-,-,-,,L10,VCC,-,-,-,-,-,,L10,VCC,-,-,-,-,-
L11,GND,-,-,-,-,-,,L11,GND,-,-,-,-,-,,L11,GND,-,-,-,-,-,,L11,GND,-,-,-,-,-
L12,GND,-,-,-,-,-,,L12,GND,-,-,-,-,-,,L12,GND,-,-,-,-,-,,L12,GND,-,-,-,-,-
L13,GND,-,-,-,-,-,,L13,GND,-,-,-,-,-,,L13,GND,-,-,-,-,-,,L13,GND,-,-,-,-,-
L14,GND,-,-,-,-,-,,L14,GND,-,-,-,-,-,,L14,GND,-,-,-,-,-,,L14,GND,-,-,-,-,-
L15,GND,-,-,-,-,-,,L15,GND,-,-,-,-,-,,L15,GND,-,-,-,-,-,,L15,GND,-,-,-,-,-
L16,GND,-,-,-,-,-,,L16,GND,-,-,-,-,-,,L16,GND,-,-,-,-,-,,L16,GND,-,-,-,-,-
L17,VCC,-,-,-,-,-,,L17,VCC,-,-,-,-,-,,L17,VCC,-,-,-,-,-,,L17,VCC,-,-,-,-,-
L18,GND,-,-,-,-,-,,L18,GND,-,-,-,-,-,,L18,GND,-,-,-,-,-,,L18,GND,-,-,-,-,-
L19,VCCIO2,2,-,-,-,-,,L19,VCCIO2,2,-,-,-,-,,L19,VCCIO2,2,-,-,-,-,,L19,VCCIO2,2,-,-,-,-
L22,PR26D,2,-,Comp_OF_PR26C,-,RDQ29,,L22,PR26D,2,-,Comp_OF_PR26C,-,RDQ29,,L22,PR38D,2,-,Comp_OF_PR38C,-,RDQ41,,L22,PR38D,2,-,Comp_OF_PR38C,-,RDQ41
L23,PR32B,2,PCLKC2_1,Comp_OF_PR32A,TRUE,RDQ29,,L23,PR32B,2,PCLKC2_1,Comp_OF_PR32A,TRUE,RDQ29,,L23,PR44B,2,PCLKC2_1,Comp_OF_PR44A,TRUE,RDQ41,,L23,PR44B,2,PCLKC2_1,Comp_OF_PR44A,TRUE,RDQ41
L24,PR38D,3,-,Comp_OF_PR38C,-,RDQ41,,L24,PR38D,3,-,Comp_OF_PR38C,-,RDQ41,,L24,PR50D,3,-,Comp_OF_PR50C,-,RDQ53,,L24,PR50D,3,-,Comp_OF_PR50C,-,RDQ53
L25,PR41A,3,-,True_OF_PR41B,TRUE,RDQS41,,L25,PR41A,3,-,True_OF_PR41B,TRUE,RDQS41,,L25,PR53A,3,-,True_OF_PR53B,TRUE,RDQS53,,L25,PR53A,3,-,True_OF_PR53B,TRUE,RDQS53
L26,PR41D,3,-,Comp_OF_PR41C,-,RDQ41,,L26,PR41D,3,-,Comp_OF_PR41C,-,RDQ41,,L26,PR53D,3,-,Comp_OF_PR53C,-,RDQ53,,L26,PR53D,3,-,Comp_OF_PR53C,-,RDQ53
M1,PL41B,6,-,Comp_OF_PL41A,TRUE,LDQSN41,,M1,PL41B,6,-,Comp_OF_PL41A,TRUE,LDQSN41,,M1,PL53B,6,-,Comp_OF_PL53A,TRUE,LDQSN53,,M1,PL53B,6,-,Comp_OF_PL53A,TRUE,LDQSN53
M2,GND,-,-,-,-,-,,M2,GND,-,-,-,-,-,,M2,GND,-,-,-,-,-,,M2,GND,-,-,-,-,-
M3,PL44D,6,-,Comp_OF_PL44C,-,LDQ41,,M3,PL44D,6,-,Comp_OF_PL44C,-,LDQ41,,M3,PL56D,6,-,Comp_OF_PL56C,-,LDQ53,,M3,PL56D,6,-,Comp_OF_PL56C,-,LDQ53
M4,PL29D,7,-,Comp_OF_PL29C,-,LDQ29,,M4,PL29D,7,-,Comp_OF_PL29C,-,LDQ29,,M4,PL41D,7,-,Comp_OF_PL41C,-,LDQ41,,M4,PL41D,7,-,Comp_OF_PL41C,-,LDQ41
M5,GND,-,-,-,-,-,,M5,GND,-,-,-,-,-,,M5,GND,-,-,-,-,-,,M5,GND,-,-,-,-,-
M6,PL29C,7,GR_PCLK7_0,True_OF_PL29D,-,LDQ29,,M6,PL29C,7,GR_PCLK7_0,True_OF_PL29D,-,LDQ29,,M6,PL41C,7,GR_PCLK7_0,True_OF_PL41D,-,LDQ41,,M6,PL41C,7,GR_PCLK7_0,True_OF_PL41D,-,LDQ41
M8,VCCIO7,7,-,-,-,-,,M8,VCCIO7,7,-,-,-,-,,M8,VCCIO7,7,-,-,-,-,,M8,VCCIO7,7,-,-,-,-
M9,GND,-,-,-,-,-,,M9,GND,-,-,-,-,-,,M9,GND,-,-,-,-,-,,M9,GND,-,-,-,-,-
M10,VCC,-,-,-,-,-,,M10,VCC,-,-,-,-,-,,M10,VCC,-,-,-,-,-,,M10,VCC,-,-,-,-,-
M11,GND,-,-,-,-,-,,M11,GND,-,-,-,-,-,,M11,GND,-,-,-,-,-,,M11,GND,-,-,-,-,-
M12,GND,-,-,-,-,-,,M12,GND,-,-,-,-,-,,M12,GND,-,-,-,-,-,,M12,GND,-,-,-,-,-
M13,GND,-,-,-,-,-,,M13,GND,-,-,-,-,-,,M13,GND,-,-,-,-,-,,M13,GND,-,-,-,-,-
M14,GND,-,-,-,-,-,,M14,GND,-,-,-,-,-,,M14,GND,-,-,-,-,-,,M14,GND,-,-,-,-,-
M15,GND,-,-,-,-,-,,M15,GND,-,-,-,-,-,,M15,GND,-,-,-,-,-,,M15,GND,-,-,-,-,-
M16,GND,-,-,-,-,-,,M16,GND,-,-,-,-,-,,M16,GND,-,-,-,-,-,,M16,GND,-,-,-,-,-
M17,VCC,-,-,-,-,-,,M17,VCC,-,-,-,-,-,,M17,VCC,-,-,-,-,-,,M17,VCC,-,-,-,-,-
M18,GND,-,-,-,-,-,,M18,GND,-,-,-,-,-,,M18,GND,-,-,-,-,-,,M18,GND,-,-,-,-,-
M19,VCCIO2,2,-,-,-,-,,M19,VCCIO2,2,-,-,-,-,,M19,VCCIO2,2,-,-,-,-,,M19,VCCIO2,2,-,-,-,-
M21,PR29C,2,GR_PCLK2_0,True_OF_PR29D,-,RDQ29,,M21,PR29C,2,GR_PCLK2_0,True_OF_PR29D,-,RDQ29,,M21,PR41C,2,GR_PCLK2_0,True_OF_PR41D,-,RDQ41,,M21,PR41C,2,GR_PCLK2_0,True_OF_PR41D,-,RDQ41
M22,GND,-,-,-,-,-,,M22,GND,-,-,-,-,-,,M22,GND,-,-,-,-,-,,M22,GND,-,-,-,-,-
M23,PR29D,2,-,Comp_OF_PR29C,-,RDQ29,,M23,PR29D,2,-,Comp_OF_PR29C,-,RDQ29,,M23,PR41D,2,-,Comp_OF_PR41C,-,RDQ41,,M23,PR41D,2,-,Comp_OF_PR41C,-,RDQ41
M24,PR44D,3,-,Comp_OF_PR44C,-,RDQ41,,M24,PR44D,3,-,Comp_OF_PR44C,-,RDQ41,,M24,PR56D,3,-,Comp_OF_PR56C,-,RDQ53,,M24,PR56D,3,-,Comp_OF_PR56C,-,RDQ53
M25,GND,-,-,-,-,-,,M25,GND,-,-,-,-,-,,M25,GND,-,-,-,-,-,,M25,GND,-,-,-,-,-
M26,PR41B,3,-,Comp_OF_PR41A,TRUE,RDQSN41,,M26,PR41B,3,-,Comp_OF_PR41A,TRUE,RDQSN41,,M26,PR53B,3,-,Comp_OF_PR53A,TRUE,RDQSN53,,M26,PR53B,3,-,Comp_OF_PR53A,TRUE,RDQSN53
N1,PL44A,6,-,True_OF_PL44B,TRUE,LDQ41,,N1,PL44A,6,-,True_OF_PL44B,TRUE,LDQ41,,N1,PL56A,6,-,True_OF_PL56B,TRUE,LDQ53,,N1,PL56A,6,-,True_OF_PL56B,TRUE,LDQ53
N2,PL44B,6,VREF1_6,Comp_OF_PL44A,TRUE,LDQ41,,N2,PL44B,6,VREF1_6,Comp_OF_PL44A,TRUE,LDQ41,,N2,PL56B,6,VREF1_6,Comp_OF_PL56A,TRUE,LDQ53,,N2,PL56B,6,VREF1_6,Comp_OF_PL56A,TRUE,LDQ53
N3,PL44C,6,-,True_OF_PL44D,-,LDQ41,,N3,PL44C,6,-,True_OF_PL44D,-,LDQ41,,N3,PL56C,6,-,True_OF_PL56D,-,LDQ53,,N3,PL56C,6,-,True_OF_PL56D,-,LDQ53
N4,PL47D,6,-,Comp_OF_PL47C,-,LDQ53,,N4,PL47D,6,-,Comp_OF_PL47C,-,LDQ53,,N4,PL71D,6,-,Comp_OF_PL71C,-,LDQ77,,N4,PL71D,6,-,Comp_OF_PL71C,-,LDQ77
N5,PL32D,7,PCLKC7_0,Comp_OF_PL32C,-,LDQ29,,N5,PL32D,7,PCLKC7_0,Comp_OF_PL32C,-,LDQ29,,N5,PL44D,7,PCLKC7_0,Comp_OF_PL44C,-,LDQ41,,N5,PL44D,7,PCLKC7_0,Comp_OF_PL44C,-,LDQ41
N6,PL32C,7,PCLKT7_0,True_OF_PL32D,-,LDQ29,,N6,PL32C,7,PCLKT7_0,True_OF_PL32D,-,LDQ29,,N6,PL44C,7,PCLKT7_0,True_OF_PL44D,-,LDQ41,,N6,PL44C,7,PCLKT7_0,True_OF_PL44D,-,LDQ41
N8,VCCIO7,7,-,-,-,-,,N8,VCCIO7,7,-,-,-,-,,N8,VCCIO7,7,-,-,-,-,,N8,VCCIO7,7,-,-,-,-
N9,GND,-,-,-,-,-,,N9,GND,-,-,-,-,-,,N9,GND,-,-,-,-,-,,N9,GND,-,-,-,-,-
N10,VCC,-,-,-,-,-,,N10,VCC,-,-,-,-,-,,N10,VCC,-,-,-,-,-,,N10,VCC,-,-,-,-,-
N11,GND,-,-,-,-,-,,N11,GND,-,-,-,-,-,,N11,GND,-,-,-,-,-,,N11,GND,-,-,-,-,-
N12,GND,-,-,-,-,-,,N12,GND,-,-,-,-,-,,N12,GND,-,-,-,-,-,,N12,GND,-,-,-,-,-
N13,GND,-,-,-,-,-,,N13,GND,-,-,-,-,-,,N13,GND,-,-,-,-,-,,N13,GND,-,-,-,-,-
N14,GND,-,-,-,-,-,,N14,GND,-,-,-,-,-,,N14,GND,-,-,-,-,-,,N14,GND,-,-,-,-,-
N15,GND,-,-,-,-,-,,N15,GND,-,-,-,-,-,,N15,GND,-,-,-,-,-,,N15,GND,-,-,-,-,-
N16,GND,-,-,-,-,-,,N16,GND,-,-,-,-,-,,N16,GND,-,-,-,-,-,,N16,GND,-,-,-,-,-
N17,VCC,-,-,-,-,-,,N17,VCC,-,-,-,-,-,,N17,VCC,-,-,-,-,-,,N17,VCC,-,-,-,-,-
N18,GND,-,-,-,-,-,,N18,GND,-,-,-,-,-,,N18,GND,-,-,-,-,-,,N18,GND,-,-,-,-,-
N19,VCCIO2,2,-,-,-,-,,N19,VCCIO2,2,-,-,-,-,,N19,VCCIO2,2,-,-,-,-,,N19,VCCIO2,2,-,-,-,-
N21,PR32C,2,PCLKT2_0,True_OF_PR32D,-,RDQ29,,N21,PR32C,2,PCLKT2_0,True_OF_PR32D,-,RDQ29,,N21,PR44C,2,PCLKT2_0,True_OF_PR44D,-,RDQ41,,N21,PR44C,2,PCLKT2_0,True_OF_PR44D,-,RDQ41
N22,PR32D,2,PCLKC2_0,Comp_OF_PR32C,-,RDQ29,,N22,PR32D,2,PCLKC2_0,Comp_OF_PR32C,-,RDQ29,,N22,PR44D,2,PCLKC2_0,Comp_OF_PR44C,-,RDQ41,,N22,PR44D,2,PCLKC2_0,Comp_OF_PR44C,-,RDQ41
N23,PR47D,3,-,Comp_OF_PR47C,-,RDQ53,,N23,PR47D,3,-,Comp_OF_PR47C,-,RDQ53,,N23,PR71D,3,-,Comp_OF_PR71C,-,RDQ77,,N23,PR71D,3,-,Comp_OF_PR71C,-,RDQ77
N24,PR44C,3,-,True_OF_PR44D,-,RDQ41,,N24,PR44C,3,-,True_OF_PR44D,-,RDQ41,,N24,PR56C,3,-,True_OF_PR56D,-,RDQ53,,N24,PR56C,3,-,True_OF_PR56D,-,RDQ53
N25,PR44B,3,VREF1_3,Comp_OF_PR44A,TRUE,RDQ41,,N25,PR44B,3,VREF1_3,Comp_OF_PR44A,TRUE,RDQ41,,N25,PR56B,3,VREF1_3,Comp_OF_PR56A,TRUE,RDQ53,,N25,PR56B,3,VREF1_3,Comp_OF_PR56A,TRUE,RDQ53
N26,PR44A,3,-,True_OF_PR44B,TRUE,RDQ41,,N26,PR44A,3,-,True_OF_PR44B,TRUE,RDQ41,,N26,PR56A,3,-,True_OF_PR56B,TRUE,RDQ53,,N26,PR56A,3,-,True_OF_PR56B,TRUE,RDQ53
P1,PL62B,6,-,Comp_OF_PL62A,TRUE,LDQ65,,P1,PL62B,6,-,Comp_OF_PL62A,TRUE,LDQ65,,P1,PL86B,6,-,Comp_OF_PL86A,TRUE,LDQ89,,P1,PL86B,6,-,Comp_OF_PL86A,TRUE,LDQ89
P2,PL62A,6,-,True_OF_PL62B,TRUE,LDQ65,,P2,PL62A,6,-,True_OF_PL62B,TRUE,LDQ65,,P2,PL86A,6,-,True_OF_PL86B,TRUE,LDQ89,,P2,PL86A,6,-,True_OF_PL86B,TRUE,LDQ89
P3,PL59D,6,-,Comp_OF_PL59C,-,LDQ65,,P3,PL59D,6,-,Comp_OF_PL59C,-,LDQ65,,P3,PL83D,6,-,Comp_OF_PL83C,-,LDQ89,,P3,PL83D,6,-,Comp_OF_PL83C,-,LDQ89
P4,PL47A,6,-,True_OF_PL47B,TRUE,LDQ53,,P4,PL47A,6,-,True_OF_PL47B,TRUE,LDQ53,,P4,PL71A,6,-,True_OF_PL71B,TRUE,LDQ77,,P4,PL71A,6,-,True_OF_PL71B,TRUE,LDQ77
P5,PL47B,6,-,Comp_OF_PL47A,TRUE,LDQ53,,P5,PL47B,6,-,Comp_OF_PL47A,TRUE,LDQ53,,P5,PL71B,6,-,Comp_OF_PL71A,TRUE,LDQ77,,P5,PL71B,6,-,Comp_OF_PL71A,TRUE,LDQ77
P6,PL47C,6,-,True_OF_PL47D,-,LDQ53,,P6,PL47C,6,-,True_OF_PL47D,-,LDQ53,,P6,PL71C,6,-,True_OF_PL71D,-,LDQ77,,P6,PL71C,6,-,True_OF_PL71D,-,LDQ77
P8,VCCIO6,6,-,-,-,-,,P8,VCCIO6,6,-,-,-,-,,P8,VCCIO6,6,-,-,-,-,,P8,VCCIO6,6,-,-,-,-
P9,GND,-,-,-,-,-,,P9,GND,-,-,-,-,-,,P9,GND,-,-,-,-,-,,P9,GND,-,-,-,-,-
P10,VCC,-,-,-,-,-,,P10,VCC,-,-,-,-,-,,P10,VCC,-,-,-,-,-,,P10,VCC,-,-,-,-,-
P11,GND,-,-,-,-,-,,P11,GND,-,-,-,-,-,,P11,GND,-,-,-,-,-,,P11,GND,-,-,-,-,-
P12,GND,-,-,-,-,-,,P12,GND,-,-,-,-,-,,P12,GND,-,-,-,-,-,,P12,GND,-,-,-,-,-
P13,GND,-,-,-,-,-,,P13,GND,-,-,-,-,-,,P13,GND,-,-,-,-,-,,P13,GND,-,-,-,-,-
P14,GND,-,-,-,-,-,,P14,GND,-,-,-,-,-,,P14,GND,-,-,-,-,-,,P14,GND,-,-,-,-,-
P15,GND,-,-,-,-,-,,P15,GND,-,-,-,-,-,,P15,GND,-,-,-,-,-,,P15,GND,-,-,-,-,-
P16,GND,-,-,-,-,-,,P16,GND,-,-,-,-,-,,P16,GND,-,-,-,-,-,,P16,GND,-,-,-,-,-
P17,VCC,-,-,-,-,-,,P17,VCC,-,-,-,-,-,,P17,VCC,-,-,-,-,-,,P17,VCC,-,-,-,-,-
P18,GND,-,-,-,-,-,,P18,GND,-,-,-,-,-,,P18,GND,-,-,-,-,-,,P18,GND,-,-,-,-,-
P19,VCCIO3,3,-,-,-,-,,P19,VCCIO3,3,-,-,-,-,,P19,VCCIO3,3,-,-,-,-,,P19,VCCIO3,3,-,-,-,-
P21,PR47C,3,-,True_OF_PR47D,-,RDQ53,,P21,PR47C,3,-,True_OF_PR47D,-,RDQ53,,P21,PR71C,3,-,True_OF_PR71D,-,RDQ77,,P21,PR71C,3,-,True_OF_PR71D,-,RDQ77
P22,PR47B,3,-,Comp_OF_PR47A,TRUE,RDQ53,,P22,PR47B,3,-,Comp_OF_PR47A,TRUE,RDQ53,,P22,PR71B,3,-,Comp_OF_PR71A,TRUE,RDQ77,,P22,PR71B,3,-,Comp_OF_PR71A,TRUE,RDQ77
P23,PR47A,3,-,True_OF_PR47B,TRUE,RDQ53,,P23,PR47A,3,-,True_OF_PR47B,TRUE,RDQ53,,P23,PR71A,3,-,True_OF_PR71B,TRUE,RDQ77,,P23,PR71A,3,-,True_OF_PR71B,TRUE,RDQ77
P24,PR59D,3,-,Comp_OF_PR59C,-,RDQ65,,P24,PR59D,3,-,Comp_OF_PR59C,-,RDQ65,,P24,PR83D,3,-,Comp_OF_PR83C,-,RDQ89,,P24,PR83D,3,-,Comp_OF_PR83C,-,RDQ89
P25,PR62A,3,-,True_OF_PR62B,TRUE,RDQ65,,P25,PR62A,3,-,True_OF_PR62B,TRUE,RDQ65,,P25,PR86A,3,-,True_OF_PR86B,TRUE,RDQ89,,P25,PR86A,3,-,True_OF_PR86B,TRUE,RDQ89
P26,PR62B,3,-,Comp_OF_PR62A,TRUE,RDQ65,,P26,PR62B,3,-,Comp_OF_PR62A,TRUE,RDQ65,,P26,PR86B,3,-,Comp_OF_PR86A,TRUE,RDQ89,,P26,PR86B,3,-,Comp_OF_PR86A,TRUE,RDQ89
R1,PL62D,6,-,Comp_OF_PL62C,-,LDQ65,,R1,PL62D,6,-,Comp_OF_PL62C,-,LDQ65,,R1,PL86D,6,-,Comp_OF_PL86C,-,LDQ89,,R1,PL86D,6,-,Comp_OF_PL86C,-,LDQ89
R2,GND,-,-,-,-,-,,R2,GND,-,-,-,-,-,,R2,GND,-,-,-,-,-,,R2,GND,-,-,-,-,-
R3,PL59C,6,-,True_OF_PL59D,-,LDQ65,,R3,PL59C,6,-,True_OF_PL59D,-,LDQ65,,R3,PL83C,6,-,True_OF_PL83D,-,LDQ89,,R3,PL83C,6,-,True_OF_PL83D,-,LDQ89
R4,PL50A,6,-,True_OF_PL50B,TRUE,LDQ53,,R4,PL50A,6,-,True_OF_PL50B,TRUE,LDQ53,,R4,PL74A,6,-,True_OF_PL74B,TRUE,LDQ77,,R4,PL74A,6,-,True_OF_PL74B,TRUE,LDQ77
R5,GND,-,-,-,-,-,,R5,GND,-,-,-,-,-,,R5,GND,-,-,-,-,-,,R5,GND,-,-,-,-,-
R6,PL50C,6,-,True_OF_PL50D,-,LDQ53,,R6,PL50C,6,-,True_OF_PL50D,-,LDQ53,,R6,PL74C,6,-,True_OF_PL74D,-,LDQ77,,R6,PL74C,6,-,True_OF_PL74D,-,LDQ77
R8,VCCIO6,6,-,-,-,-,,R8,VCCIO6,6,-,-,-,-,,R8,VCCIO6,6,-,-,-,-,,R8,VCCIO6,6,-,-,-,-
R9,GND,-,-,-,-,-,,R9,GND,-,-,-,-,-,,R9,GND,-,-,-,-,-,,R9,GND,-,-,-,-,-
R10,VCC,-,-,-,-,-,,R10,VCC,-,-,-,-,-,,R10,VCC,-,-,-,-,-,,R10,VCC,-,-,-,-,-
R11,GND,-,-,-,-,-,,R11,GND,-,-,-,-,-,,R11,GND,-,-,-,-,-,,R11,GND,-,-,-,-,-
R12,GND,-,-,-,-,-,,R12,GND,-,-,-,-,-,,R12,GND,-,-,-,-,-,,R12,GND,-,-,-,-,-
R13,GND,-,-,-,-,-,,R13,GND,-,-,-,-,-,,R13,GND,-,-,-,-,-,,R13,GND,-,-,-,-,-
R14,GND,-,-,-,-,-,,R14,GND,-,-,-,-,-,,R14,GND,-,-,-,-,-,,R14,GND,-,-,-,-,-
R15,GND,-,-,-,-,-,,R15,GND,-,-,-,-,-,,R15,GND,-,-,-,-,-,,R15,GND,-,-,-,-,-
R16,GND,-,-,-,-,-,,R16,GND,-,-,-,-,-,,R16,GND,-,-,-,-,-,,R16,GND,-,-,-,-,-
R17,VCC,-,-,-,-,-,,R17,VCC,-,-,-,-,-,,R17,VCC,-,-,-,-,-,,R17,VCC,-,-,-,-,-
R18,GND,-,-,-,-,-,,R18,GND,-,-,-,-,-,,R18,GND,-,-,-,-,-,,R18,GND,-,-,-,-,-
R19,VCCIO3,3,-,-,-,-,,R19,VCCIO3,3,-,-,-,-,,R19,VCCIO3,3,-,-,-,-,,R19,VCCIO3,3,-,-,-,-
R21,PR50C,3,-,True_OF_PR50D,-,RDQ53,,R21,PR50C,3,-,True_OF_PR50D,-,RDQ53,,R21,PR74C,3,-,True_OF_PR74D,-,RDQ77,,R21,PR74C,3,-,True_OF_PR74D,-,RDQ77
R22,GND,-,-,-,-,-,,R22,GND,-,-,-,-,-,,R22,GND,-,-,-,-,-,,R22,GND,-,-,-,-,-
R23,PR50A,3,-,True_OF_PR50B,TRUE,RDQ53,,R23,PR50A,3,-,True_OF_PR50B,TRUE,RDQ53,,R23,PR74A,3,-,True_OF_PR74B,TRUE,RDQ77,,R23,PR74A,3,-,True_OF_PR74B,TRUE,RDQ77
R24,PR59C,3,-,True_OF_PR59D,-,RDQ65,,R24,PR59C,3,-,True_OF_PR59D,-,RDQ65,,R24,PR83C,3,-,True_OF_PR83D,-,RDQ89,,R24,PR83C,3,-,True_OF_PR83D,-,RDQ89
R25,GND,-,-,-,-,-,,R25,GND,-,-,-,-,-,,R25,GND,-,-,-,-,-,,R25,GND,-,-,-,-,-
R26,PR62D,3,-,Comp_OF_PR62C,-,RDQ65,,R26,PR62D,3,-,Comp_OF_PR62C,-,RDQ65,,R26,PR86D,3,-,Comp_OF_PR86C,-,RDQ89,,R26,PR86D,3,-,Comp_OF_PR86C,-,RDQ89
T1,PL65D,6,-,Comp_OF_PL65C,-,LDQ65,,T1,PL65D,6,-,Comp_OF_PL65C,-,LDQ65,,T1,PL89D,6,-,Comp_OF_PL89C,-,LDQ89,,T1,PL89D,6,-,Comp_OF_PL89C,-,LDQ89
T2,PL62C,6,-,True_OF_PL62D,-,LDQ65,,T2,PL62C,6,-,True_OF_PL62D,-,LDQ65,,T2,PL86C,6,-,True_OF_PL86D,-,LDQ89,,T2,PL86C,6,-,True_OF_PL86D,-,LDQ89
T3,PL59A,6,-,True_OF_PL59B,TRUE,LDQ65,,T3,PL59A,6,-,True_OF_PL59B,TRUE,LDQ65,,T3,PL83A,6,-,True_OF_PL83B,TRUE,LDQ89,,T3,PL83A,6,-,True_OF_PL83B,TRUE,LDQ89
T4,PL50D,6,-,Comp_OF_PL50C,-,LDQ53,,T4,PL50D,6,-,Comp_OF_PL50C,-,LDQ53,,T4,PL74D,6,-,Comp_OF_PL74C,-,LDQ77,,T4,PL74D,6,-,Comp_OF_PL74C,-,LDQ77
T5,PL50B,6,-,Comp_OF_PL50A,TRUE,LDQ53,,T5,PL50B,6,-,Comp_OF_PL50A,TRUE,LDQ53,,T5,PL74B,6,-,Comp_OF_PL74A,TRUE,LDQ77,,T5,PL74B,6,-,Comp_OF_PL74A,TRUE,LDQ77
T8,VCCAUX,-,-,-,-,-,,T8,VCCAUX,-,-,-,-,-,,T8,VCCAUX,-,-,-,-,-,,T8,VCCAUX,-,-,-,-,-
T9,GND,-,-,-,-,-,,T9,GND,-,-,-,-,-,,T9,GND,-,-,-,-,-,,T9,GND,-,-,-,-,-
T10,VCC,-,-,-,-,-,,T10,VCC,-,-,-,-,-,,T10,VCC,-,-,-,-,-,,T10,VCC,-,-,-,-,-
T11,VCC,-,-,-,-,-,,T11,VCC,-,-,-,-,-,,T11,VCC,-,-,-,-,-,,T11,VCC,-,-,-,-,-
T12,VCC,-,-,-,-,-,,T12,VCC,-,-,-,-,-,,T12,VCC,-,-,-,-,-,,T12,VCC,-,-,-,-,-
T13,VCC,-,-,-,-,-,,T13,VCC,-,-,-,-,-,,T13,VCC,-,-,-,-,-,,T13,VCC,-,-,-,-,-
T14,VCC,-,-,-,-,-,,T14,VCC,-,-,-,-,-,,T14,VCC,-,-,-,-,-,,T14,VCC,-,-,-,-,-
T15,VCC,-,-,-,-,-,,T15,VCC,-,-,-,-,-,,T15,VCC,-,-,-,-,-,,T15,VCC,-,-,-,-,-
T16,VCC,-,-,-,-,-,,T16,VCC,-,-,-,-,-,,T16,VCC,-,-,-,-,-,,T16,VCC,-,-,-,-,-
T17,VCC,-,-,-,-,-,,T17,VCC,-,-,-,-,-,,T17,VCC,-,-,-,-,-,,T17,VCC,-,-,-,-,-
T18,GND,-,-,-,-,-,,T18,GND,-,-,-,-,-,,T18,GND,-,-,-,-,-,,T18,GND,-,-,-,-,-
T19,VCCAUX,-,-,-,-,-,,T19,VCCAUX,-,-,-,-,-,,T19,VCCAUX,-,-,-,-,-,,T19,VCCAUX,-,-,-,-,-
T22,PR50B,3,-,Comp_OF_PR50A,TRUE,RDQ53,,T22,PR50B,3,-,Comp_OF_PR50A,TRUE,RDQ53,,T22,PR74B,3,-,Comp_OF_PR74A,TRUE,RDQ77,,T22,PR74B,3,-,Comp_OF_PR74A,TRUE,RDQ77
T23,PR50D,3,-,Comp_OF_PR50C,-,RDQ53,,T23,PR50D,3,-,Comp_OF_PR50C,-,RDQ53,,T23,PR74D,3,-,Comp_OF_PR74C,-,RDQ77,,T23,PR74D,3,-,Comp_OF_PR74C,-,RDQ77
T24,PR59A,3,-,True_OF_PR59B,TRUE,RDQ65,,T24,PR59A,3,-,True_OF_PR59B,TRUE,RDQ65,,T24,PR83A,3,-,True_OF_PR83B,TRUE,RDQ89,,T24,PR83A,3,-,True_OF_PR83B,TRUE,RDQ89
T25,PR62C,3,-,True_OF_PR62D,-,RDQ65,,T25,PR62C,3,-,True_OF_PR62D,-,RDQ65,,T25,PR86C,3,-,True_OF_PR86D,-,RDQ89,,T25,PR86C,3,-,True_OF_PR86D,-,RDQ89
T26,PR65D,3,-,Comp_OF_PR65C,-,RDQ65,,T26,PR65D,3,-,Comp_OF_PR65C,-,RDQ65,,T26,PR89D,3,-,Comp_OF_PR89C,-,RDQ89,,T26,PR89D,3,-,Comp_OF_PR89C,-,RDQ89
U1,PL65C,6,-,True_OF_PL65D,-,LDQ65,,U1,PL65C,6,-,True_OF_PL65D,-,LDQ65,,U1,PL89C,6,-,True_OF_PL89D,-,LDQ89,,U1,PL89C,6,-,True_OF_PL89D,-,LDQ89
U2,PL65B,6,-,Comp_OF_PL65A,TRUE,LDQSN65,,U2,PL65B,6,-,Comp_OF_PL65A,TRUE,LDQSN65,,U2,PL89B,6,-,Comp_OF_PL89A,TRUE,LDQSN89,,U2,PL89B,6,-,Comp_OF_PL89A,TRUE,LDQSN89
U3,PL59B,6,-,Comp_OF_PL59A,TRUE,LDQ65,,U3,PL59B,6,-,Comp_OF_PL59A,TRUE,LDQ65,,U3,PL83B,6,-,Comp_OF_PL83A,TRUE,LDQ89,,U3,PL83B,6,-,Comp_OF_PL83A,TRUE,LDQ89
U4,PL53D,6,-,Comp_OF_PL53C,-,LDQ53,,U4,PL53D,6,-,Comp_OF_PL53C,-,LDQ53,,U4,PL77D,6,-,Comp_OF_PL77C,-,LDQ77,,U4,PL77D,6,-,Comp_OF_PL77C,-,LDQ77
U5,PL53B,6,-,Comp_OF_PL53A,TRUE,LDQSN53,,U5,PL53B,6,-,Comp_OF_PL53A,TRUE,LDQSN53,,U5,PL77B,6,-,Comp_OF_PL77A,TRUE,LDQSN77,,U5,PL77B,6,-,Comp_OF_PL77A,TRUE,LDQSN77
U6,PL53C,6,-,True_OF_PL53D,-,LDQ53,,U6,PL53C,6,-,True_OF_PL53D,-,LDQ53,,U6,PL77C,6,-,True_OF_PL77D,-,LDQ77,,U6,PL77C,6,-,True_OF_PL77D,-,LDQ77
U8,VCCIO6,6,-,-,-,-,,U8,VCCIO6,6,-,-,-,-,,U8,VCCIO6,6,-,-,-,-,,U8,VCCIO6,6,-,-,-,-
U9,GND,-,-,-,-,-,,U9,GND,-,-,-,-,-,,U9,GND,-,-,-,-,-,,U9,GND,-,-,-,-,-
U10,GND,-,-,-,-,-,,U10,GND,-,-,-,-,-,,U10,GND,-,-,-,-,-,,U10,GND,-,-,-,-,-
U11,GND,-,-,-,-,-,,U11,GND,-,-,-,-,-,,U11,GND,-,-,-,-,-,,U11,GND,-,-,-,-,-
U12,GND,-,-,-,-,-,,U12,GND,-,-,-,-,-,,U12,GND,-,-,-,-,-,,U12,GND,-,-,-,-,-
U13,GND,-,-,-,-,-,,U13,GND,-,-,-,-,-,,U13,GND,-,-,-,-,-,,U13,GND,-,-,-,-,-
U14,GND,-,-,-,-,-,,U14,GND,-,-,-,-,-,,U14,GND,-,-,-,-,-,,U14,GND,-,-,-,-,-
U15,GND,-,-,-,-,-,,U15,GND,-,-,-,-,-,,U15,GND,-,-,-,-,-,,U15,GND,-,-,-,-,-
U16,GND,-,-,-,-,-,,U16,GND,-,-,-,-,-,,U16,GND,-,-,-,-,-,,U16,GND,-,-,-,-,-
U17,GND,-,-,-,-,-,,U17,GND,-,-,-,-,-,,U17,GND,-,-,-,-,-,,U17,GND,-,-,-,-,-
U18,GND,-,-,-,-,-,,U18,GND,-,-,-,-,-,,U18,GND,-,-,-,-,-,,U18,GND,-,-,-,-,-
U19,VCCIO3,3,-,-,-,-,,U19,VCCIO3,3,-,-,-,-,,U19,VCCIO3,3,-,-,-,-,,U19,VCCIO3,3,-,-,-,-
U21,PR53C,3,-,True_OF_PR53D,-,RDQ53,,U21,PR53C,3,-,True_OF_PR53D,-,RDQ53,,U21,PR77C,3,-,True_OF_PR77D,-,RDQ77,,U21,PR77C,3,-,True_OF_PR77D,-,RDQ77
U22,PR53B,3,-,Comp_OF_PR53A,TRUE,RDQSN53,,U22,PR53B,3,-,Comp_OF_PR53A,TRUE,RDQSN53,,U22,PR77B,3,-,Comp_OF_PR77A,TRUE,RDQSN77,,U22,PR77B,3,-,Comp_OF_PR77A,TRUE,RDQSN77
U23,PR53D,3,-,Comp_OF_PR53C,-,RDQ53,,U23,PR53D,3,-,Comp_OF_PR53C,-,RDQ53,,U23,PR77D,3,-,Comp_OF_PR77C,-,RDQ77,,U23,PR77D,3,-,Comp_OF_PR77C,-,RDQ77
U24,PR59B,3,-,Comp_OF_PR59A,TRUE,RDQ65,,U24,PR59B,3,-,Comp_OF_PR59A,TRUE,RDQ65,,U24,PR83B,3,-,Comp_OF_PR83A,TRUE,RDQ89,,U24,PR83B,3,-,Comp_OF_PR83A,TRUE,RDQ89
U25,PR65B,3,-,Comp_OF_PR65A,TRUE,RDQSN65,,U25,PR65B,3,-,Comp_OF_PR65A,TRUE,RDQSN65,,U25,PR89B,3,-,Comp_OF_PR89A,TRUE,RDQSN89,,U25,PR89B,3,-,Comp_OF_PR89A,TRUE,RDQSN89
U26,PR65C,3,-,True_OF_PR65D,-,RDQ65,,U26,PR65C,3,-,True_OF_PR65D,-,RDQ65,,U26,PR89C,3,-,True_OF_PR89D,-,RDQ89,,U26,PR89C,3,-,True_OF_PR89D,-,RDQ89
V1,PL65A,6,-,True_OF_PL65B,TRUE,LDQS65,,V1,PL65A,6,-,True_OF_PL65B,TRUE,LDQS65,,V1,PL89A,6,-,True_OF_PL89B,TRUE,LDQS89,,V1,PL89A,6,-,True_OF_PL89B,TRUE,LDQS89
V2,GND,-,-,-,-,-,,V2,GND,-,-,-,-,-,,V2,GND,-,-,-,-,-,,V2,GND,-,-,-,-,-
V3,PL68A,6,-,True_OF_PL68B,TRUE,LDQ65,,V3,PL68A,6,-,True_OF_PL68B,TRUE,LDQ65,,V3,PL92A,6,-,True_OF_PL92B,TRUE,LDQ89,,V3,PL92A,6,-,True_OF_PL92B,TRUE,LDQ89
V4,PL53A,6,-,True_OF_PL53B,TRUE,LDQS53,,V4,PL53A,6,-,True_OF_PL53B,TRUE,LDQS53,,V4,PL77A,6,-,True_OF_PL77B,TRUE,LDQS77,,V4,PL77A,6,-,True_OF_PL77B,TRUE,LDQS77
V5,GND,-,-,-,-,-,,V5,GND,-,-,-,-,-,,V5,GND,-,-,-,-,-,,V5,GND,-,-,-,-,-
V6,PL56B,6,-,Comp_OF_PL56A,TRUE,LDQ53,,V6,PL56B,6,-,Comp_OF_PL56A,TRUE,LDQ53,,V6,PL80B,6,-,Comp_OF_PL80A,TRUE,LDQ77,,V6,PL80B,6,-,Comp_OF_PL80A,TRUE,LDQ77
V8,VCCIO6,6,-,-,-,-,,V8,VCCIO6,6,-,-,-,-,,V8,VCCIO6,6,-,-,-,-,,V8,VCCIO6,6,-,-,-,-
V9,GND,-,-,-,-,-,,V9,GND,-,-,-,-,-,,V9,GND,-,-,-,-,-,,V9,GND,-,-,-,-,-
V10,VCCIO8,8,-,-,-,-,,V10,VCCIO8,8,-,-,-,-,,V10,VCCIO8,8,-,-,-,-,,V10,VCCIO8,8,-,-,-,-
V11,VCCIO8,8,-,-,-,-,,V11,VCCIO8,8,-,-,-,-,,V11,VCCIO8,8,-,-,-,-,,V11,VCCIO8,8,-,-,-,-
V12,GND,-,-,-,-,-,,V12,GND,-,-,-,-,-,,V12,GND,-,-,-,-,-,,V12,GND,-,-,-,-,-
V13,GND,-,-,-,-,-,,V13,GND,-,-,-,-,-,,V13,GND,-,-,-,-,-,,V13,GND,-,-,-,-,-
V14,GND,-,-,-,-,-,,V14,GND,-,-,-,-,-,,V14,GND,-,-,-,-,-,,V14,GND,-,-,-,-,-
V15,GND,-,-,-,-,-,,V15,GND,-,-,-,-,-,,V15,GND,-,-,-,-,-,,V15,GND,-,-,-,-,-
V16,GND,-,-,-,-,-,,V16,GND,-,-,-,-,-,,V16,GND,-,-,-,-,-,,V16,GND,-,-,-,-,-
V17,GND,-,-,-,-,-,,V17,GND,-,-,-,-,-,,V17,GND,-,-,-,-,-,,V17,GND,-,-,-,-,-
V18,NC,-,-,-,-,-,,V18,NC,-,-,-,-,-,,V18,VCCIO4,4,-,-,-,-,,V18,VCCIO4,4,-,-,-,-
V19,NC,-,-,-,-,-,,V19,NC,-,-,-,-,-,,V19,VCCIO4,4,-,-,-,-,,V19,VCCIO4,4,-,-,-,-
V21,PR56B,3,-,Comp_OF_PR56A,TRUE,RDQ53,,V21,PR56B,3,-,Comp_OF_PR56A,TRUE,RDQ53,,V21,PR80B,3,-,Comp_OF_PR80A,TRUE,RDQ77,,V21,PR80B,3,-,Comp_OF_PR80A,TRUE,RDQ77
V22,GND,-,-,-,-,-,,V22,GND,-,-,-,-,-,,V22,GND,-,-,-,-,-,,V22,GND,-,-,-,-,-
V23,PR53A,3,-,True_OF_PR53B,TRUE,RDQS53,,V23,PR53A,3,-,True_OF_PR53B,TRUE,RDQS53,,V23,PR77A,3,-,True_OF_PR77B,TRUE,RDQS77,,V23,PR77A,3,-,True_OF_PR77B,TRUE,RDQS77
V24,PR68A,3,-,True_OF_PR68B,TRUE,RDQ65,,V24,PR68A,3,-,True_OF_PR68B,TRUE,RDQ65,,V24,PR92A,3,-,True_OF_PR92B,TRUE,RDQ89,,V24,PR92A,3,-,True_OF_PR92B,TRUE,RDQ89
V25,GND,-,-,-,-,-,,V25,GND,-,-,-,-,-,,V25,GND,-,-,-,-,-,,V25,GND,-,-,-,-,-
V26,PR65A,3,-,True_OF_PR65B,TRUE,RDQS65,,V26,PR65A,3,-,True_OF_PR65B,TRUE,RDQS65,,V26,PR89A,3,-,True_OF_PR89B,TRUE,RDQS89,,V26,PR89A,3,-,True_OF_PR89B,TRUE,RDQS89
W1,PL68B,6,-,Comp_OF_PL68A,TRUE,LDQ65,,W1,PL68B,6,-,Comp_OF_PL68A,TRUE,LDQ65,,W1,PL92B,6,-,Comp_OF_PL92A,TRUE,LDQ89,,W1,PL92B,6,-,Comp_OF_PL92A,TRUE,LDQ89
W2,PL68C,6,LLC_GPLL0T_IN,True_OF_PL68D,-,LDQ65,,W2,PL68C,6,LLC_GPLL0T_IN,True_OF_PL68D,-,LDQ65,,W2,PL92C,6,LLC_GPLL0T_IN,True_OF_PL92D,-,LDQ89,,W2,PL92C,6,LLC_GPLL0T_IN,True_OF_PL92D,-,LDQ89
W3,PL68D,6,LLC_GPLL0C_IN,Comp_OF_PL68C,-,LDQ65,,W3,PL68D,6,LLC_GPLL0C_IN,Comp_OF_PL68C,-,LDQ65,,W3,PL92D,6,LLC_GPLL0C_IN,Comp_OF_PL92C,-,LDQ89,,W3,PL92D,6,LLC_GPLL0C_IN,Comp_OF_PL92C,-,LDQ89
W4,PL56A,6,-,True_OF_PL56B,TRUE,LDQ53,,W4,PL56A,6,-,True_OF_PL56B,TRUE,LDQ53,,W4,PL80A,6,-,True_OF_PL80B,TRUE,LDQ77,,W4,PL80A,6,-,True_OF_PL80B,TRUE,LDQ77
W5,PL56C,6,-,True_OF_PL56D,-,LDQ53,,W5,PL56C,6,-,True_OF_PL56D,-,LDQ53,,W5,PL80C,6,-,True_OF_PL80D,-,LDQ77,,W5,PL80C,6,-,True_OF_PL80D,-,LDQ77
W6,PL56D,6,-,Comp_OF_PL56C,-,LDQ53,,W6,PL56D,6,-,Comp_OF_PL56C,-,LDQ53,,W6,PL80D,6,-,Comp_OF_PL80C,-,LDQ77,,W6,PL80D,6,-,Comp_OF_PL80C,-,LDQ77
W8,VCCAUX,-,-,-,-,-,,W8,VCCAUX,-,-,-,-,-,,W8,VCCAUX,-,-,-,-,-,,W8,VCCAUX,-,-,-,-,-
W9,GND,-,-,-,-,-,,W9,GND,-,-,-,-,-,,W9,GND,-,-,-,-,-,,W9,GND,-,-,-,-,-
W10,GND,-,-,-,-,-,,W10,VCCHTX0_D0CH0,-,-,-,-,-,,W10,GND,-,-,-,-,-,,W10,VCCHTX0_D0CH0,-,-,-,-,-
W11,GND,-,-,-,-,-,,W11,VCCHRX0_D0CH0,-,-,-,-,-,,W11,GND,-,-,-,-,-,,W11,VCCHRX0_D0CH0,-,-,-,-,-
W12,GND,-,-,-,-,-,,W12,VCCHRX1_D0CH1,-,-,-,-,-,,W12,GND,-,-,-,-,-,,W12,VCCHRX1_D0CH1,-,-,-,-,-
W13,GND,-,-,-,-,-,,W13,VCCHTX1_D0CH1,-,-,-,-,-,,W13,GND,-,-,-,-,-,,W13,VCCHTX1_D0CH1,-,-,-,-,-
W14,GND,-,-,-,-,-,,W14,VCCHTX0_D1CH0,-,-,-,-,-,,W14,GND,-,-,-,-,-,,W14,VCCHTX0_D1CH0,-,-,-,-,-
W15,GND,-,-,-,-,-,,W15,VCCHRX0_D1CH0,-,-,-,-,-,,W15,GND,-,-,-,-,-,,W15,VCCHRX0_D1CH0,-,-,-,-,-
W16,GND,-,-,-,-,-,,W16,VCCHRX1_D1CH1,-,-,-,-,-,,W16,GND,-,-,-,-,-,,W16,VCCHRX1_D1CH1,-,-,-,-,-
W17,GND,-,-,-,-,-,,W17,VCCHTX1_D1CH1,-,-,-,-,-,,W17,GND,-,-,-,-,-,,W17,VCCHTX1_D1CH1,-,-,-,-,-
W18,GND,-,-,-,-,-,,W18,GND,-,-,-,-,-,,W18,GND,-,-,-,-,-,,W18,GND,-,-,-,-,-
W19,VCCAUX,-,-,-,-,-,,W19,VCCAUX,-,-,-,-,-,,W19,VCCAUX,-,-,-,-,-,,W19,VCCAUX,-,-,-,-,-
W21,PR56D,3,-,Comp_OF_PR56C,-,RDQ53,,W21,PR56D,3,-,Comp_OF_PR56C,-,RDQ53,,W21,PR80D,3,-,Comp_OF_PR80C,-,RDQ77,,W21,PR80D,3,-,Comp_OF_PR80C,-,RDQ77
W22,PR56C,3,-,True_OF_PR56D,-,RDQ53,,W22,PR56C,3,-,True_OF_PR56D,-,RDQ53,,W22,PR80C,3,-,True_OF_PR80D,-,RDQ77,,W22,PR80C,3,-,True_OF_PR80D,-,RDQ77
W23,PR56A,3,-,True_OF_PR56B,TRUE,RDQ53,,W23,PR56A,3,-,True_OF_PR56B,TRUE,RDQ53,,W23,PR80A,3,-,True_OF_PR80B,TRUE,RDQ77,,W23,PR80A,3,-,True_OF_PR80B,TRUE,RDQ77
W24,PR68D,3,LRC_GPLL0C_IN,Comp_OF_PR68C,-,RDQ65,,W24,PR68D,3,LRC_GPLL0C_IN,Comp_OF_PR68C,-,RDQ65,,W24,PR92D,3,LRC_GPLL0C_IN,Comp_OF_PR92C,-,RDQ89,,W24,PR92D,3,LRC_GPLL0C_IN,Comp_OF_PR92C,-,RDQ89
W25,PR68C,3,LRC_GPLL0T_IN,True_OF_PR68D,-,RDQ65,,W25,PR68C,3,LRC_GPLL0T_IN,True_OF_PR68D,-,RDQ65,,W25,PR92C,3,LRC_GPLL0T_IN,True_OF_PR92D,-,RDQ89,,W25,PR92C,3,LRC_GPLL0T_IN,True_OF_PR92D,-,RDQ89
W26,PR68B,3,-,Comp_OF_PR68A,TRUE,RDQ65,,W26,PR68B,3,-,Comp_OF_PR68A,TRUE,RDQ65,,W26,PR92B,3,-,Comp_OF_PR92A,TRUE,RDQ89,,W26,PR92B,3,-,Comp_OF_PR92A,TRUE,RDQ89
AA1,PB4A,8,D7/IO7,True_OF_PB4B,-,-,,AA1,PB4A,8,D7/IO7,True_OF_PB4B,-,-,,AA1,PB4A,8,D7/IO7,True_OF_PB4B,-,-,,AA1,PB4A,8,D7/IO7,True_OF_PB4B,-,-
AA2,PB15A,8,HOLDN/DI/BUSY/CSSPIN/CEN,True_OF_PB15B,-,-,,AA2,PB15A,8,HOLDN/DI/BUSY/CSSPIN/CEN,True_OF_PB15B,-,-,,AA2,PB15A,8,HOLDN/DI/BUSY/CSSPIN/CEN,True_OF_PB15B,-,-,,AA2,PB15A,8,HOLDN/DI/BUSY/CSSPIN/CEN,True_OF_PB15B,-,-
AA3,NC,-,-,-,-,-,,AA3,NC,-,-,-,-,-,,AA3,NC,-,-,-,-,-,,AA3,NC,-,-,-,-,-
AA4,NC,-,-,-,-,-,,AA4,NC,-,-,-,-,-,,AA4,NC,-,-,-,-,-,,AA4,NC,-,-,-,-,-
AA5,NC,-,-,-,-,-,,AA5,NC,-,-,-,-,-,,AA5,NC,-,-,-,-,-,,AA5,NC,-,-,-,-,-
AA7,GND,-,GND,-,-,-,,AA7,GND,-,GND,-,-,-,,AA7,GND,-,GND,-,-,-,,AA7,GND,-,GND,-,-,-
AA9,GND,-,GND,-,-,-,,AA9,GND,-,GND,-,-,-,,AA9,GND,-,GND,-,-,-,,AA9,GND,-,GND,-,-,-
AA10,GND,-,GND,-,-,-,,AA10,GND,-,GND,-,-,-,,AA10,GND,-,GND,-,-,-,,AA10,GND,-,GND,-,-,-
AA12,GND,-,GND,-,-,-,,AA12,GND,-,GND,-,-,-,,AA12,GND,-,GND,-,-,-,,AA12,GND,-,GND,-,-,-
AA13,GND,-,GND,-,-,-,,AA13,GND,-,GND,-,-,-,,AA13,GND,-,GND,-,-,-,,AA13,GND,-,GND,-,-,-
AA14,GND,-,GND,-,-,-,,AA14,GND,-,GND,-,-,-,,AA14,GND,-,GND,-,-,-,,AA14,GND,-,GND,-,-,-
AA15,GND,-,GND,-,-,-,,AA15,GND,-,GND,-,-,-,,AA15,GND,-,GND,-,-,-,,AA15,GND,-,GND,-,-,-
AA17,GND,-,GND,-,-,-,,AA17,GND,-,GND,-,-,-,,AA17,GND,-,GND,-,-,-,,AA17,GND,-,GND,-,-,-
AA18,GND,-,GND,-,-,-,,AA18,GND,-,GND,-,-,-,,AA18,GND,-,GND,-,-,-,,AA18,GND,-,GND,-,-,-
AA20,GND,-,GND,-,-,-,,AA20,GND,-,GND,-,-,-,,AA20,GND,-,GND,-,-,-,,AA20,GND,-,GND,-,-,-
AA22,NC,-,-,-,-,-,,AA22,NC,-,-,-,-,-,,AA22,PB107A,4,-,True_OF_PB107B,-,-,,AA22,PB107A,4,-,True_OF_PB107B,-,-
AA23,NC,-,-,-,-,-,,AA23,NC,-,-,-,-,-,,AA23,PB107B,4,-,Comp_OF_PB107A,-,-,,AA23,PB107B,4,-,Comp_OF_PB107A,-,-
AA24,NC,-,-,-,-,-,,AA24,NC,-,-,-,-,-,,AA24,PB110B,4,-,Comp_OF_PB110A,-,-,,AA24,PB110B,4,-,Comp_OF_PB110A,-,-
AA25,NC,-,-,-,-,-,,AA25,NC,-,-,-,-,-,,AA25,PB112B,4,-,Comp_OF_PB112A,-,-,,AA25,PB112B,4,-,Comp_OF_PB112A,-,-
AA26,NC,-,-,-,-,-,,AA26,NC,-,-,-,-,-,,AA26,PB121B,4,-,Comp_OF_PB121A,-,-,,AA26,PB121B,4,-,Comp_OF_PB121A,-,-
AB1,PB4B,8,D6/IO6,Comp_OF_PB4A,-,-,,AB1,PB4B,8,D6/IO6,Comp_OF_PB4A,-,-,,AB1,PB4B,8,D6/IO6,Comp_OF_PB4A,-,-,,AB1,PB4B,8,D6/IO6,Comp_OF_PB4A,-,-
AB2,PB13A,8,SN/CSN,True_OF_PB13B,-,-,,AB2,PB13A,8,SN/CSN,True_OF_PB13B,-,-,,AB2,PB13A,8,SN/CSN,True_OF_PB13B,-,-,,AB2,PB13A,8,SN/CSN,True_OF_PB13B,-,-
AB3,PB15B,8,DOUT/CSON,Comp_OF_PB15A,-,-,,AB3,PB15B,8,DOUT/CSON,Comp_OF_PB15A,-,-,,AB3,PB15B,8,DOUT/CSON,Comp_OF_PB15A,-,-,,AB3,PB15B,8,DOUT/CSON,Comp_OF_PB15A,-,-
AB4,PROGRAMN,8,-,-,-,-,,AB4,PROGRAMN,8,-,-,-,-,,AB4,PROGRAMN,8,-,-,-,-,,AB4,PROGRAMN,8,-,-,-,-
AB5,TDO,40,-,-,-,-,,AB5,TDO,40,-,-,-,-,,AB5,TDO,40,-,-,-,-,,AB5,TDO,40,-,-,-,-
AB6,GND,-,GND,-,-,-,,AB6,GND,-,GND,-,-,-,,AB6,GND,-,GND,-,-,-,,AB6,GND,-,GND,-,-,-
AB7,VCCA0,-,-,-,-,-,,AB7,VCCA0,-,-,-,-,-,,AB7,VCCA0,-,-,-,-,-,,AB7,VCCA0,-,-,-,-,-
AB9,GND,-,GND,-,-,-,,AB9,GND,-,GND,-,-,-,,AB9,GND,-,GND,-,-,-,,AB9,GND,-,GND,-,-,-
AB10,VCCA0,-,-,-,-,-,,AB10,VCCA0,-,-,-,-,-,,AB10,VCCA0,-,-,-,-,-,,AB10,VCCA0,-,-,-,-,-
AB12,GND,-,GND,-,-,-,,AB12,GND,-,GND,-,-,-,,AB12,GND,-,GND,-,-,-,,AB12,GND,-,GND,-,-,-
AB13,GND,-,GND,-,-,-,,AB13,GND,-,GND,-,-,-,,AB13,GND,-,GND,-,-,-,,AB13,GND,-,GND,-,-,-
AB14,GND,-,GND,-,-,-,,AB14,GND,-,GND,-,-,-,,AB14,GND,-,GND,-,-,-,,AB14,GND,-,GND,-,-,-
AB15,GND,-,GND,-,-,-,,AB15,GND,-,GND,-,-,-,,AB15,GND,-,GND,-,-,-,,AB15,GND,-,GND,-,-,-
AB17,VCCA1,-,-,-,-,-,,AB17,VCCA1,-,-,-,-,-,,AB17,VCCA1,-,-,-,-,-,,AB17,VCCA1,-,-,-,-,-
AB18,GND,-,GND,-,-,-,,AB18,GND,-,GND,-,-,-,,AB18,GND,-,GND,-,-,-,,AB18,GND,-,GND,-,-,-
AB20,VCCA1,-,-,-,-,-,,AB20,VCCA1,-,-,-,-,-,,AB20,VCCA1,-,-,-,-,-,,AB20,VCCA1,-,-,-,-,-
AB21,GND,-,GND,-,-,-,,AB21,GND,-,GND,-,-,-,,AB21,GND,-,GND,-,-,-,,AB21,GND,-,GND,-,-,-
AB22,GND,-,GND,-,-,-,,AB22,GND,-,GND,-,-,-,,AB22,GND,-,GND,-,-,-,,AB22,GND,-,GND,-,-,-
AB23,GND,-,GND,-,-,-,,AB23,GND,-,GND,-,-,-,,AB23,GND,-,GND,-,-,-,,AB23,GND,-,GND,-,-,-
AB24,NC,-,-,-,-,-,,AB24,NC,-,-,-,-,-,,AB24,PB110A,4,-,True_OF_PB110B,-,-,,AB24,PB110A,4,-,True_OF_PB110B,-,-
AB25,NC,-,-,-,-,-,,AB25,NC,-,-,-,-,-,,AB25,PB112A,4,-,True_OF_PB112B,-,-,,AB25,PB112A,4,-,True_OF_PB112B,-,-
AB26,NC,-,-,-,-,-,,AB26,NC,-,-,-,-,-,,AB26,PB121A,4,-,True_OF_PB121B,-,-,,AB26,PB121A,4,-,True_OF_PB121B,-,-
AC1,PB6A,8,D5/MISO2/IO5,True_OF_PB6B,-,-,,AC1,PB6A,8,D5/MISO2/IO5,True_OF_PB6B,-,-,,AC1,PB6A,8,D5/MISO2/IO5,True_OF_PB6B,-,-,,AC1,PB6A,8,D5/MISO2/IO5,True_OF_PB6B,-,-
AC2,PB13B,8,CS1N,Comp_OF_PB13A,-,-,,AC2,PB13B,8,CS1N,Comp_OF_PB13A,-,-,,AC2,PB13B,8,CS1N,Comp_OF_PB13A,-,-,,AC2,PB13B,8,CS1N,Comp_OF_PB13A,-,-
AC3,GND,-,-,-,-,-,,AC3,GND,-,-,-,-,-,,AC3,GND,-,-,-,-,-,,AC3,GND,-,-,-,-,-
AC4,DONE,8,-,-,-,-,,AC4,DONE,8,-,-,-,-,,AC4,DONE,8,-,-,-,-,,AC4,DONE,8,-,-,-,-
AC5,TDI,40,-,-,-,-,,AC5,TDI,40,-,-,-,-,,AC5,TDI,40,-,-,-,-,,AC5,TDI,40,-,-,-,-
AC6,GND,-,GND,-,-,-,,AC6,GND,-,GND,-,-,-,,AC6,GND,-,GND,-,-,-,,AC6,GND,-,GND,-,-,-
AC7,VCCA0,-,-,-,-,-,,AC7,VCCA0,-,-,-,-,-,,AC7,VCCA0,-,-,-,-,-,,AC7,VCCA0,-,-,-,-,-
AC8,VCCA0,-,-,-,-,-,,AC8,VCCA0,-,-,-,-,-,,AC8,VCCA0,-,-,-,-,-,,AC8,VCCA0,-,-,-,-,-
AC9,GND,-,GND,-,-,-,,AC9,GND,-,GND,-,-,-,,AC9,GND,-,GND,-,-,-,,AC9,GND,-,GND,-,-,-
AC10,VCCA0,-,-,-,-,-,,AC10,VCCA0,-,-,-,-,-,,AC10,VCCA0,-,-,-,-,-,,AC10,VCCA0,-,-,-,-,-
AC11,VCCA0,-,-,-,-,-,,AC11,VCCA0,-,-,-,-,-,,AC11,VCCA0,-,-,-,-,-,,AC11,VCCA0,-,-,-,-,-
AC12,GND,-,GND,-,-,-,,AC12,GND,-,GND,-,-,-,,AC12,GND,-,GND,-,-,-,,AC12,GND,-,GND,-,-,-
AC13,VCCAUXA0,-,-,-,-,-,,AC13,VCCAUXA0,-,-,-,-,-,,AC13,VCCAUXA0,-,-,-,-,-,,AC13,VCCAUXA0,-,-,-,-,-
AC14,VCCAUXA0,-,-,-,-,-,,AC14,VCCAUXA0,-,-,-,-,-,,AC14,VCCAUXA0,-,-,-,-,-,,AC14,VCCAUXA0,-,-,-,-,-
AC15,GND,-,GND,-,-,-,,AC15,GND,-,GND,-,-,-,,AC15,GND,-,GND,-,-,-,,AC15,GND,-,GND,-,-,-
AC16,VCCA1,-,-,-,-,-,,AC16,VCCA1,-,-,-,-,-,,AC16,VCCA1,-,-,-,-,-,,AC16,VCCA1,-,-,-,-,-
AC17,VCCA1,-,-,-,-,-,,AC17,VCCA1,-,-,-,-,-,,AC17,VCCA1,-,-,-,-,-,,AC17,VCCA1,-,-,-,-,-
AC18,GND,-,GND,-,-,-,,AC18,GND,-,GND,-,-,-,,AC18,GND,-,GND,-,-,-,,AC18,GND,-,GND,-,-,-
AC19,VCCA1,-,-,-,-,-,,AC19,VCCA1,-,-,-,-,-,,AC19,VCCA1,-,-,-,-,-,,AC19,VCCA1,-,-,-,-,-
AC20,VCCA1,-,-,-,-,-,,AC20,VCCA1,-,-,-,-,-,,AC20,VCCA1,-,-,-,-,-,,AC20,VCCA1,-,-,-,-,-
AC21,GND,-,GND,-,-,-,,AC21,GND,-,GND,-,-,-,,AC21,GND,-,GND,-,-,-,,AC21,GND,-,GND,-,-,-
AC22,VCCAUXA1,-,-,-,-,-,,AC22,VCCAUXA1,-,-,-,-,-,,AC22,VCCAUXA1,-,-,-,-,-,,AC22,VCCAUXA1,-,-,-,-,-
AC23,VCCAUXA1,-,-,-,-,-,,AC23,VCCAUXA1,-,-,-,-,-,,AC23,VCCAUXA1,-,-,-,-,-,,AC23,VCCAUXA1,-,-,-,-,-
AC24,GND,-,GND,-,-,-,,AC24,GND,-,GND,-,-,-,,AC24,GND,-,GND,-,-,-,,AC24,GND,-,GND,-,-,-
AC25,GND,-,-,-,-,-,,AC25,GND,-,-,-,-,-,,AC25,GND,-,-,-,-,-,,AC25,GND,-,-,-,-,-
AC26,NC,-,-,-,-,-,,AC26,NC,-,-,-,-,-,,AC26,PB119B,4,-,Comp_OF_PB119A,-,-,,AC26,PB119B,4,-,Comp_OF_PB119A,-,-
AD1,PB6B,8,D4/MOSI2/IO4,Comp_OF_PB6A,-,-,,AD1,PB6B,8,D4/MOSI2/IO4,Comp_OF_PB6A,-,-,,AD1,PB6B,8,D4/MOSI2/IO4,Comp_OF_PB6A,-,-,,AD1,PB6B,8,D4/MOSI2/IO4,Comp_OF_PB6A,-,-
AD2,PB11A,8,D1/MISO/IO1,True_OF_PB11B,-,-,,AD2,PB11A,8,D1/MISO/IO1,True_OF_PB11B,-,-,,AD2,PB11A,8,D1/MISO/IO1,True_OF_PB11B,-,-,,AD2,PB11A,8,D1/MISO/IO1,True_OF_PB11B,-,-
AD3,PB18A,8,WRITEN,-,-,-,,AD3,PB18A,8,WRITEN,-,-,-,,AD3,PB18A,8,WRITEN,-,-,-,,AD3,PB18A,8,WRITEN,-,-,-
AD4,CFG_2,8,-,-,-,-,,AD4,CFG_2,8,-,-,-,-,,AD4,CFG_2,8,-,-,-,-,,AD4,CFG_2,8,-,-,-,-
AD5,TCK,40,-,-,-,-,,AD5,TCK,40,-,-,-,-,,AD5,TCK,40,-,-,-,-,,AD5,TCK,40,-,-,-,-
AD6,GND,-,GND,-,-,-,,AD6,GND,-,GND,-,-,-,,AD6,GND,-,GND,-,-,-,,AD6,GND,-,GND,-,-,-
AD7,HDTXP0_D0CH0,-,-,True_OF_HDTXN0_D0CH0,-,-,,AD7,HDTXP0_D0CH0,50,-,True_OF_HDTXN0_D0CH0,-,-,,AD7,HDTXP0_D0CH0,-,-,True_OF_HDTXN0_D0CH0,-,-,,AD7,HDTXP0_D0CH0,50,-,True_OF_HDTXN0_D0CH0,-,-
AD8,HDTXN0_D0CH0,-,-,Comp_OF_HDTXP0_D0CH0,-,-,,AD8,HDTXN0_D0CH0,50,-,Comp_OF_HDTXP0_D0CH0,-,-,,AD8,HDTXN0_D0CH0,-,-,Comp_OF_HDTXP0_D0CH0,-,-,,AD8,HDTXN0_D0CH0,50,-,Comp_OF_HDTXP0_D0CH0,-,-
AD9,GND,-,GND,-,-,-,,AD9,GND,-,GND,-,-,-,,AD9,GND,-,GND,-,-,-,,AD9,GND,-,GND,-,-,-
AD10,HDTXP0_D0CH1,-,-,True_OF_HDTXN0_D0CH1,-,-,,AD10,HDTXP0_D0CH1,50,-,True_OF_HDTXN0_D0CH1,-,-,,AD10,HDTXP0_D0CH1,-,-,True_OF_HDTXN0_D0CH1,-,-,,AD10,HDTXP0_D0CH1,50,-,True_OF_HDTXN0_D0CH1,-,-
AD11,HDTXN0_D0CH1,-,-,Comp_OF_HDTXP0_D0CH1,-,-,,AD11,HDTXN0_D0CH1,50,-,Comp_OF_HDTXP0_D0CH1,-,-,,AD11,HDTXN0_D0CH1,-,-,Comp_OF_HDTXP0_D0CH1,-,-,,AD11,HDTXN0_D0CH1,50,-,Comp_OF_HDTXP0_D0CH1,-,-
AD12,GND,-,GND,-,-,-,,AD12,GND,-,GND,-,-,-,,AD12,GND,-,GND,-,-,-,,AD12,GND,-,GND,-,-,-
AD13,RESERVED,-,-,-,-,-,,AD13,RESERVED,-,-,True_OF_ATSTN_D0,-,-,,AD13,RESERVED,-,-,-,-,-,,AD13,RESERVED,-,-,True_OF_ATSTN_D0,-,-
AD14,RESERVED,-,-,-,-,-,,AD14,RESERVED,-,-,Comp_OF_ATSTP_D0,-,-,,AD14,RESERVED,-,-,-,-,-,,AD14,RESERVED,-,-,Comp_OF_ATSTP_D0,-,-
AD15,GND,-,GND,-,-,-,,AD15,GND,-,GND,-,-,-,,AD15,GND,-,GND,-,-,-,,AD15,GND,-,GND,-,-,-
AD16,HDTXP0_D1CH0,-,-,True_OF_HDTXN0_D1CH0,-,-,,AD16,HDTXP0_D1CH0,51,-,True_OF_HDTXN0_D1CH0,-,-,,AD16,HDTXP0_D1CH0,-,-,True_OF_HDTXN0_D1CH0,-,-,,AD16,HDTXP0_D1CH0,51,-,True_OF_HDTXN0_D1CH0,-,-
AD17,HDTXN0_D1CH0,-,-,Comp_OF_HDTXP0_D1CH0,-,-,,AD17,HDTXN0_D1CH0,51,-,Comp_OF_HDTXP0_D1CH0,-,-,,AD17,HDTXN0_D1CH0,-,-,Comp_OF_HDTXP0_D1CH0,-,-,,AD17,HDTXN0_D1CH0,51,-,Comp_OF_HDTXP0_D1CH0,-,-
AD18,GND,-,GND,-,-,-,,AD18,GND,-,GND,-,-,-,,AD18,GND,-,GND,-,-,-,,AD18,GND,-,GND,-,-,-
AD19,HDTXP0_D1CH1,-,-,True_OF_HDTXN0_D1CH1,-,-,,AD19,HDTXP0_D1CH1,51,-,True_OF_HDTXN0_D1CH1,-,-,,AD19,HDTXP0_D1CH1,-,-,True_OF_HDTXN0_D1CH1,-,-,,AD19,HDTXP0_D1CH1,51,-,True_OF_HDTXN0_D1CH1,-,-
AD20,HDTXN0_D1CH1,-,-,Comp_OF_HDTXP0_D1CH1,-,-,,AD20,HDTXN0_D1CH1,51,-,Comp_OF_HDTXP0_D1CH1,-,-,,AD20,HDTXN0_D1CH1,-,-,Comp_OF_HDTXP0_D1CH1,-,-,,AD20,HDTXN0_D1CH1,51,-,Comp_OF_HDTXP0_D1CH1,-,-
AD21,GND,-,GND,-,-,-,,AD21,GND,-,GND,-,-,-,,AD21,GND,-,GND,-,-,-,,AD21,GND,-,GND,-,-,-
AD22,RESERVED,-,-,-,-,-,,AD22,RESERVED,-,-,True_OF_ATSTN_D1,-,-,,AD22,RESERVED,-,-,-,-,-,,AD22,RESERVED,-,-,True_OF_ATSTN_D1,-,-
AD23,RESERVED,-,-,-,-,-,,AD23,RESERVED,-,-,Comp_OF_ATSTP_D1,-,-,,AD23,RESERVED,-,-,-,-,-,,AD23,RESERVED,-,-,Comp_OF_ATSTP_D1,-,-
AD24,GND,-,GND,-,-,-,,AD24,GND,-,GND,-,-,-,,AD24,GND,-,GND,-,-,-,,AD24,GND,-,GND,-,-,-
AD25,NC,-,-,-,-,-,,AD25,NC,-,-,-,-,-,,AD25,PB114B,4,-,Comp_OF_PB114A,-,-,,AD25,PB114B,4,-,Comp_OF_PB114A,-,-
AD26,NC,-,-,-,-,-,,AD26,NC,-,-,-,-,-,,AD26,PB119A,4,-,True_OF_PB119B,-,-,,AD26,PB119A,4,-,True_OF_PB119B,-,-
AE1,PB9A,8,D3/IO3,True_OF_PB9B,-,-,,AE1,PB9A,8,D3/IO3,True_OF_PB9B,-,-,,AE1,PB9A,8,D3/IO3,True_OF_PB9B,-,-,,AE1,PB9A,8,D3/IO3,True_OF_PB9B,-,-
AE2,PB11B,8,D0/MOSI/IO0,Comp_OF_PB11A,-,-,,AE2,PB11B,8,D0/MOSI/IO0,Comp_OF_PB11A,-,-,,AE2,PB11B,8,D0/MOSI/IO0,Comp_OF_PB11A,-,-,,AE2,PB11B,8,D0/MOSI/IO0,Comp_OF_PB11A,-,-
AE3,CCLK,8,MCLK/SCK,-,-,-,,AE3,CCLK,8,MCLK/SCK,-,-,-,,AE3,CCLK,8,MCLK/SCK,-,-,-,,AE3,CCLK,8,MCLK/SCK,-,-,-
AE4,CFG_1,8,-,-,-,-,,AE4,CFG_1,8,-,-,-,-,,AE4,CFG_1,8,-,-,-,-,,AE4,CFG_1,8,-,-,-,-
AE5,TMS,40,-,-,-,-,,AE5,TMS,40,-,-,-,-,,AE5,TMS,40,-,-,-,-,,AE5,TMS,40,-,-,-,-
AE6,GND,-,GND,-,-,-,,AE6,GND,-,GND,-,-,-,,AE6,GND,-,GND,-,-,-,,AE6,GND,-,GND,-,-,-
AE7,GND,-,GND,-,-,-,,AE7,GND,-,GND,-,-,-,,AE7,GND,-,GND,-,-,-,,AE7,GND,-,GND,-,-,-
AE9,GND,-,GND,-,-,-,,AE9,GND,-,GND,-,-,-,,AE9,GND,-,GND,-,-,-,,AE9,GND,-,GND,-,-,-
AE10,GND,-,GND,-,-,-,,AE10,GND,-,GND,-,-,-,,AE10,GND,-,GND,-,-,-,,AE10,GND,-,GND,-,-,-
AE12,GND,-,GND,-,-,-,,AE12,GND,-,GND,-,-,-,,AE12,GND,-,GND,-,-,-,,AE12,GND,-,GND,-,-,-
AE13,GND,-,GND,-,-,-,,AE13,GND,-,GND,-,-,-,,AE13,GND,-,GND,-,-,-,,AE13,GND,-,GND,-,-,-
AE15,GND,-,GND,-,-,-,,AE15,GND,-,GND,-,-,-,,AE15,GND,-,GND,-,-,-,,AE15,GND,-,GND,-,-,-
AE16,GND,-,GND,-,-,-,,AE16,GND,-,GND,-,-,-,,AE16,GND,-,GND,-,-,-,,AE16,GND,-,GND,-,-,-
AE18,GND,-,GND,-,-,-,,AE18,GND,-,GND,-,-,-,,AE18,GND,-,GND,-,-,-,,AE18,GND,-,GND,-,-,-
AE19,GND,-,GND,-,-,-,,AE19,GND,-,GND,-,-,-,,AE19,GND,-,GND,-,-,-,,AE19,GND,-,GND,-,-,-
AE21,GND,-,GND,-,-,-,,AE21,GND,-,GND,-,-,-,,AE21,GND,-,GND,-,-,-,,AE21,GND,-,GND,-,-,-
AE22,GND,-,GND,-,-,-,,AE22,GND,-,GND,-,-,-,,AE22,GND,-,GND,-,-,-,,AE22,GND,-,GND,-,-,-
AE24,GND,-,GND,-,-,-,,AE24,GND,-,GND,-,-,-,,AE24,GND,-,GND,-,-,-,,AE24,GND,-,GND,-,-,-
AE25,NC,-,-,-,-,-,,AE25,NC,-,-,-,-,-,,AE25,PB114A,4,-,True_OF_PB114B,-,-,,AE25,PB114A,4,-,True_OF_PB114B,-,-
AE26,NC,-,-,-,-,-,,AE26,NC,-,-,-,-,-,,AE26,PB116B,4,-,Comp_OF_PB116A,-,-,,AE26,PB116B,4,-,Comp_OF_PB116A,-,-
AF2,PB9B,8,D2/IO2,Comp_OF_PB9A,-,-,,AF2,PB9B,8,D2/IO2,Comp_OF_PB9A,-,-,,AF2,PB9B,8,D2/IO2,Comp_OF_PB9A,-,-,,AF2,PB9B,8,D2/IO2,Comp_OF_PB9A,-,-
AF3,INITN,8,-,-,-,-,,AF3,INITN,8,-,-,-,-,,AF3,INITN,8,-,-,-,-,,AF3,INITN,8,-,-,-,-
AF4,CFG_0,8,-,-,-,-,,AF4,CFG_0,8,-,-,-,-,,AF4,CFG_0,8,-,-,-,-,,AF4,CFG_0,8,-,-,-,-
AF5,GND,-,GND,-,-,-,,AF5,GND,-,GND,-,-,-,,AF5,GND,-,GND,-,-,-,,AF5,GND,-,GND,-,-,-
AF6,HDRXP0_D0CH0,-,-,True_OF_HDRXN0_D0CH0,-,-,,AF6,HDRXP0_D0CH0,50,-,True_OF_HDRXN0_D0CH0,-,-,,AF6,HDRXP0_D0CH0,-,-,True_OF_HDRXN0_D0CH0,-,-,,AF6,HDRXP0_D0CH0,50,-,True_OF_HDRXN0_D0CH0,-,-
AF7,HDRXN0_D0CH0,-,-,Comp_OF_HDRXP0_D0CH0,-,-,,AF7,HDRXN0_D0CH0,50,-,Comp_OF_HDRXP0_D0CH0,-,-,,AF7,HDRXN0_D0CH0,-,-,Comp_OF_HDRXP0_D0CH0,-,-,,AF7,HDRXN0_D0CH0,50,-,Comp_OF_HDRXP0_D0CH0,-,-
AF9,HDRXP0_D0CH1,-,-,True_OF_HDRXN0_D0CH1,-,-,,AF9,HDRXP0_D0CH1,50,-,True_OF_HDRXN0_D0CH1,-,-,,AF9,HDRXP0_D0CH1,-,-,True_OF_HDRXN0_D0CH1,-,-,,AF9,HDRXP0_D0CH1,50,-,True_OF_HDRXN0_D0CH1,-,-
AF10,HDRXN0_D0CH1,-,-,Comp_OF_HDRXP0_D0CH1,-,-,,AF10,HDRXN0_D0CH1,50,-,Comp_OF_HDRXP0_D0CH1,-,-,,AF10,HDRXN0_D0CH1,-,-,Comp_OF_HDRXP0_D0CH1,-,-,,AF10,HDRXN0_D0CH1,50,-,Comp_OF_HDRXP0_D0CH1,-,-
AF12,REFCLKP_D0,-,-,True_OF_REFCLKN_D0,-,-,,AF12,REFCLKP_D0,50,-,True_OF_REFCLKN_D0,-,-,,AF12,REFCLKP_D0,-,-,True_OF_REFCLKN_D0,-,-,,AF12,REFCLKP_D0,50,-,True_OF_REFCLKN_D0,-,-
AF13,REFCLKN_D0,-,-,Comp_OF_REFCLKP_D0,-,-,,AF13,REFCLKN_D0,50,-,Comp_OF_REFCLKP_D0,-,-,,AF13,REFCLKN_D0,-,-,Comp_OF_REFCLKP_D0,-,-,,AF13,REFCLKN_D0,50,-,Comp_OF_REFCLKP_D0,-,-
AF15,HDRXP0_D1CH0,-,-,True_OF_HDRXN0_D1CH0,-,-,,AF15,HDRXP0_D1CH0,51,-,True_OF_HDRXN0_D1CH0,-,-,,AF15,HDRXP0_D1CH0,-,-,True_OF_HDRXN0_D1CH0,-,-,,AF15,HDRXP0_D1CH0,51,-,True_OF_HDRXN0_D1CH0,-,-
AF16,HDRXN0_D1CH0,-,-,Comp_OF_HDRXP0_D1CH0,-,-,,AF16,HDRXN0_D1CH0,51,-,Comp_OF_HDRXP0_D1CH0,-,-,,AF16,HDRXN0_D1CH0,-,-,Comp_OF_HDRXP0_D1CH0,-,-,,AF16,HDRXN0_D1CH0,51,-,Comp_OF_HDRXP0_D1CH0,-,-
AF18,HDRXP0_D1CH1,-,-,True_OF_HDRXN0_D1CH1,-,-,,AF18,HDRXP0_D1CH1,51,-,True_OF_HDRXN0_D1CH1,-,-,,AF18,HDRXP0_D1CH1,-,-,True_OF_HDRXN0_D1CH1,-,-,,AF18,HDRXP0_D1CH1,51,-,True_OF_HDRXN0_D1CH1,-,-
AF19,HDRXN0_D1CH1,-,-,Comp_OF_HDRXP0_D1CH1,-,-,,AF19,HDRXN0_D1CH1,51,-,Comp_OF_HDRXP0_D1CH1,-,-,,AF19,HDRXN0_D1CH1,-,-,Comp_OF_HDRXP0_D1CH1,-,-,,AF19,HDRXN0_D1CH1,51,-,Comp_OF_HDRXP0_D1CH1,-,-
AF21,REFCLKP_D1,-,-,True_OF_REFCLKN_D1,-,-,,AF21,REFCLKP_D1,51,-,True_OF_REFCLKN_D1,-,-,,AF21,REFCLKP_D1,-,-,True_OF_REFCLKN_D1,-,-,,AF21,REFCLKP_D1,51,-,True_OF_REFCLKN_D1,-,-
AF22,REFCLKN_D1,-,-,Comp_OF_REFCLKP_D1,-,-,,AF22,REFCLKN_D1,51,-,Comp_OF_REFCLKP_D1,-,-,,AF22,REFCLKN_D1,-,-,Comp_OF_REFCLKP_D1,-,-,,AF22,REFCLKN_D1,51,-,Comp_OF_REFCLKP_D1,-,-
AF24,GND,-,GND,-,-,-,,AF24,GND,-,GND,-,-,-,,AF24,GND,-,GND,-,-,-,,AF24,GND,-,GND,-,-,-
AF25,NC,-,-,-,-,-,,AF25,NC,-,-,-,-,-,,AF25,PB116A,4,-,True_OF_PB116B,-,-,,AF25,PB116A,4,-,True_OF_PB116B,-,-
,,,,,,,,,,,,,,,,,,,,,,,,,,,,,,
Note:,,,,,,,,,,,,,,,,,,,,,,,,,,,,,,
     This table is to migrate between ECP5U and ECP5UM devices,,,,,,,,,,,,,,,,,,,,,,,,,,,,,,
     The Serdes pins should be connected as below:,,,,,,,,,,,,,,,,,,,,,,,,,,,,,,
,"SERDES power pins should be connected on ECP5U device, so when ECP5UM is used, power pins would be connected",,,,,,,,,,,,,,,,,,,,,,,,,,,,,
,SERDES HDin pins should be connected on ECP5U device as it would when it is replaced with ECP5UM device.,,,,,,,,,,,,,,,,,,,,,,,,,,,,,
,SERDES HDout pins should be connected on ECP5U device as it would when it is replaced with ECP5UM device.,,,,,,,,,,,,,,,,,,,,,,,,,,,,,
,SERDES Refclk pins should be connected on ECP5U device as it would when it is replaced with ECP5UM device.,,,,,,,,,,,,,,,,,,,,,,,,,,,,,
    Migration is allowed between ECP5U and ECP5UM devices with different densities,,,,,,,,,,,,,,,,,,,,,,,,,,,,,,
